{
  "noise_type": "lower",
  "noise_param": 0.4,
  "train_loss": [
    0.013777101144489219,
    0.006784350118732118,
    0.005827012038103586,
    0.005775609865882962,
    0.005251331641264489,
    0.005201432403639258,
    0.005033798012915648,
    0.004991048738497251,
    0.004881883122954698,
    0.004847833670649915,
    0.004795085385650921,
    0.0047497609547516445,
    0.004717252161716224,
    0.004696106132845997,
    0.004621360085670623,
    0.0046728227012093,
    0.004663944585313473,
    0.004569822338072731,
    0.00451197551931616,
    0.004504575992830871,
    0.004573373583522109,
    0.004467993581964845,
    0.00438857639127524,
    0.004384907075784773,
    0.004382195314956459,
    0.004337534991685102,
    0.0044377379389823005,
    0.004151338793379172,
    0.004128270439156961,
    0.004074270760545362,
    0.004067064547621743,
    0.004039118823983427,
    0.003996765517178168,
    0.003964129240919886,
    0.003968234102707335,
    0.003931021816690973,
    0.003928667161323774,
    0.0038816678473290525,
    0.0038494322668728874,
    0.0038469025875711407,
    0.00382565752840294,
    0.003821392080207461,
    0.003784834670452506,
    0.003719305228375179,
    0.0036846312599656318,
    0.003642445175057649,
    0.0036718675794860027,
    0.003563161146035209,
    0.003547607470709086,
    0.0034821953182169844,
    0.003464582125089725,
    0.003559868471937245,
    0.003429570451219522,
    0.0032245518716849182,
    0.00318742366374831,
    0.003147442564735991,
    0.003110984693811341,
    0.003084722040568555,
    0.003066844378055781,
    0.0030490887305739565,
    0.0030138047270417577,
    0.002995791549747578,
    0.0029846209131656966,
    0.002978173316474769,
    0.00295664003836536,
    0.002945167601367656,
    0.0029198298211609405,
    0.0029046080342545605,
    0.002880130453080323,
    0.0028672260342706016,
    0.002877697755147688,
    0.002858291989603516,
    0.0028306153330186043,
    0.002815610819615909,
    0.0027987170800765015,
    0.0027773797668292606,
    0.002771881360577454,
    0.002770218944058861,
    0.0027481288431414623,
    0.0026678254768729174,
    0.0026443498096822703,
    0.0026353987117060254,
    0.0026170907252283603,
    0.002608610011878512,
    0.0025973013979144724,
    0.002595508609153572,
    0.0025760371983229963,
    0.0025720547536866403,
    0.002566743576661078,
    0.0025605182932002136,
    0.002552112589316102,
    0.002535703333148388,
    0.002531439484556239,
    0.002525985059123623,
    0.002509685576285128,
    0.0025058157910541707,
    0.0024972122412867856,
    0.0025051462515548544,
    0.002483534299204338,
    0.0024794564452508007
  ],
  "valid_loss": [
    0.0023966165547953315,
    0.01180455685422917,
    0.0045036498896059715,
    0.005238580910293693,
    0.01826817431697563,
    0.009331935839946261,
    0.012252578962598903,
    0.011984456739904363,
    0.01238915929802145,
    0.010328139813048282,
    0.010004999015511197,
    0.013065269993532268,
    0.012415469505923545,
    0.012561770077441569,
    0.015444805817809017,
    0.009590376389355297,
    0.01066923537358044,
    0.009679201323379235,
    0.011424156300071209,
    0.0080976204235328,
    0.00904882690547775,
    0.010599328365762077,
    0.009951520339711787,
    0.006275434639452877,
    0.010499368151260154,
    0.012046289765078606,
    0.010936018027644778,
    0.014063690983492088,
    0.009234416083294035,
    0.014017141795648818,
    0.012674622614170706,
    0.01172082950163371,
    0.01333941029537562,
    0.014629242078807144,
    0.01583736036246235,
    0.015159185257525083,
    0.020536200051621666,
    0.014771828877694045,
    0.01636078876424369,
    0.017065056149744635,
    0.014172663967496101,
    0.01742668268884364,
    0.019098546083803753,
    0.0132232434832193,
    0.015934271814485444,
    0.014615406594101205,
    0.015413230338415162,
    0.02006588939400629,
    0.016516233164136803,
    0.019838065257805855,
    0.017776140073797433,
    0.017326137744087255,
    0.017608273555457958,
    0.018440681457455057,
    0.019812865248364255,
    0.02093381413070274,
    0.019407990661320186,
    0.019807951171496977,
    0.019167679651142022,
    0.020206076778195702,
    0.020049072791252683,
    0.019217885014704925,
    0.020407637210671355,
    0.021240280122776387,
    0.019584232686341508,
    0.019157361676226732,
    0.021049035481784734,
    0.02075891381726689,
    0.019925531333202542,
    0.01979333501711688,
    0.019649136550878164,
    0.02117689683590802,
    0.0197805609623115,
    0.018834297325547037,
    0.020401641631857495,
    0.024652861004317513,
    0.01961550103563329,
    0.020466475080509368,
    0.0207420575999653,
    0.022274860869343913,
    0.020923638709768818,
    0.0210301726454218,
    0.021439827080473494,
    0.021098495870418725,
    0.020802293866120723,
    0.021245682852648124,
    0.020968102470966712,
    0.022305591233839798,
    0.020979014655886346,
    0.021041154938986468,
    0.02146035810616734,
    0.021760141301569405,
    0.020681566138982702,
    0.022081246259342505,
    0.021438856116611293,
    0.021807368559520444,
    0.02201719048663668,
    0.020424479009814346,
    0.02250737839786625,
    0.02136599961753789
  ],
  "valid_psnr": [
    26.48462136141513,
    19.417641984984662,
    23.702825667560084,
    22.95472700632666,
    17.571105082376413,
    20.537375730771302,
    19.367886502124716,
    19.43049073563954,
    19.26419686747167,
    20.096449604493156,
    20.239052157505323,
    19.107975179283418,
    19.316185877246618,
    19.251981695588192,
    18.36532610759153,
    20.46150580566738,
    19.922722174338737,
    20.237732194050192,
    19.671392662059308,
    21.18344974375636,
    20.649616796795264,
    19.939685110252654,
    20.152923833116567,
    22.212060219304572,
    20.028657763463205,
    19.446586577133964,
    19.857140867880197,
    18.794198766149496,
    20.583738317669336,
    18.818899818151984,
    19.252777126664746,
    19.575605278174073,
    19.015562678785166,
    18.61468876605218,
    18.263355479724577,
    18.44569654108433,
    17.102274065390567,
    18.565335291094335,
    18.11358579087965,
    17.911172512841656,
    18.80843184493354,
    17.79871479030434,
    17.413298605112015,
    19.14468937273526,
    18.24961897584446,
    18.6622236545984,
    18.387281496204185,
    17.232638009480638,
    18.075226326097162,
    17.27326468639476,
    17.747688674093368,
    17.863256298001765,
    17.802147187032816,
    17.597242395370515,
    17.274049671126484,
    17.035934845953772,
    17.374298147055683,
    17.27287712346806,
    17.42296001892225,
    17.18257607763626,
    17.23026805884251,
    17.417312382380917,
    17.154791952998526,
    16.971832918515823,
    17.34451668595362,
    17.433632762958798,
    17.01123873057072,
    17.076315894693554,
    17.25907806247826,
    17.298411379953766,
    17.305810669582538,
    16.98783753801722,
    17.290319371249073,
    17.51175663079307,
    17.153861256218068,
    16.30310460665318,
    17.320900053647467,
    17.14530520632478,
    17.092910927232534,
    16.767896496582175,
    17.04106114958124,
    17.02073182318464,
    16.933323676305726,
    17.009838980083448,
    17.06190759472215,
    16.96924638618812,
    17.031037989698675,
    16.756666878022926,
    17.038345826100173,
    17.028904430119177,
    16.930054889250993,
    16.873505979126747,
    17.108653279929122,
    16.804995809439212,
    16.936575382025094,
    16.857536857729944,
    16.81981275875296,
    17.152938024133903,
    16.727716527462505,
    16.948698249262566
  ]
}