{
  "noise_type": "bernoulli",
  "noise_param": 0.4,
  "train_loss": [
    0.09518462206695301,
    0.003602347723638994,
    0.0023248079783313416,
    0.0019631782202740636,
    0.0016950988739853753,
    0.0015043759551676425,
    0.0012671017808605727,
    0.0012541353316333171,
    0.001176796875543513,
    0.0011120386177537668,
    0.0011810604258414817,
    0.0008550468981612595,
    0.0008839631447433549,
    0.0008993058465821744,
    0.0007685748191661239,
    0.0007611944279463041,
    0.000661607084855309,
    0.0006441326449178922,
    0.0006061228486194196,
    0.0006030395091159169,
    0.0005474443809994712,
    0.0005627232713782324,
    0.0005561729593370715,
    0.0005121576465408273,
    0.0005044366175863552,
    0.00047463320948988667,
    0.000489161009130349,
    0.00045697455746020904,
    0.00046066645307599874,
    0.00044886028392999175,
    0.00047322338388588336,
    0.0004441990158178272,
    0.00042533265198930337,
    0.0004457356189354159,
    0.0004346057848684407,
    0.00041733507543625237,
    0.00041770605351258824,
    0.0004246205900456141,
    0.00040925114493157836,
    0.0004197362400527749,
    0.00040644916236188985,
    0.00040010571195579775,
    0.00040320021803609367,
    0.00040014318484710653,
    0.00038981769584583694,
    0.0003990866941049826,
    0.00039982712568324295,
    0.000387611280281807,
    0.0003942940907036539,
    0.0003815401779073807,
    0.0003757559335276877,
    0.0004071133790030672,
    0.00038722694127565975,
    0.0003760028535623882,
    0.0003793131032264738,
    0.0003752078319370841,
    0.0003805484107323954,
    0.0003670870785974457,
    0.0003676899700579436,
    0.0003648139314099959,
    0.00036880995444778627,
    0.00037279455491223104,
    0.0003619829399587112,
    0.0003682801778614532,
    0.0003660565886217948,
    0.00036826509561658523,
    0.0003595281144853391,
    0.0003545613546840992,
    0.0003642839169624686,
    0.00035386308299723387,
    0.0003575209685732371,
    0.0003526476080818406,
    0.0003526169240928022,
    0.00035349617614335415,
    0.00035558076213282786,
    0.0003536489659751635,
    0.0003431242889423996,
    0.00035414248371601077,
    0.000346307766127832,
    0.00035842451084752496,
    0.00034210025981343126,
    0.00034335423634177973,
    0.0003439646461737388,
    0.000338106021306619,
    0.00034149097178847327,
    0.0003410381490536497,
    0.0003436348267631076,
    0.00033645607313510003,
    0.0003389234341964892,
    0.0003354803360474475,
    0.00033497436774447494,
    0.0003336372673440167,
    0.00033796339411011964,
    0.00032863231280040904,
    0.0003315900964402639,
    0.0003328090447815917,
    0.00032907462446812814,
    0.00032814891149153086,
    0.00033094336434314473,
    0.00033501218396834916,
    0.000324110961394264,
    0.00032855714817259,
    0.0003253110391330069,
    0.00032409109477466293,
    0.0003224321167077238,
    0.00032227396939412057,
    0.00031998775706949,
    0.0003216088145968175,
    0.00031679868989608625,
    0.00032070767312511835,
    0.00031582368978627206,
    0.00031231042402742043,
    0.000323650176573914,
    0.0003180159184816717,
    0.0003123380495547453,
    0.00031616348553751894,
    0.0003172292117442276,
    0.0003198071473854919,
    0.0003091457506439062,
    0.00031257312829813683,
    0.00031295519516822003,
    0.0003114876756130582,
    0.0003073455934073865,
    0.0003045489047593284,
    0.0003068447314036945,
    0.0003079379576651723,
    0.0003126258743800426,
    0.00029937904875045263,
    0.0003066937562296246,
    0.0003010482495191338,
    0.00030316896788363477,
    0.00030393183517017847,
    0.0003085511314972426,
    0.0003026325282598152,
    0.00029933827542748487,
    0.0002975727434922601,
    0.0002919733075727356,
    0.00030203741626024216,
    0.00030164447394182285,
    0.00029535431922888324,
    0.00029188396883046946,
    0.00029694193740386954,
    0.000311746171715743,
    0.00028763352982205404,
    0.0002914832008814586,
    0.00029204162372124847,
    0.0002925592603855715,
    0.00029938748824699825,
    0.000285588263540492,
    0.00029043998858489686,
    0.00028732765264301465,
    0.0002966440095522066,
    0.00028354473193489225,
    0.0002901030671206849,
    0.0002805790017226424,
    0.0002921778611712729,
    0.00028062193141288963,
    0.00028663344548982554,
    0.00028898250722037184,
    0.00027455392761535234,
    0.00028687828731015653,
    0.00027793836494797476,
    0.0002831227197140371,
    0.0002781771778181189,
    0.00029309760427245816,
    0.0002760988788073793,
    0.00028347791254807614,
    0.00027673541891154734,
    0.00027515174721143656,
    0.0002808670859486112,
    0.0002781577414836678,
    0.00027286978819115836,
    0.00027371910482065293,
    0.00027092570266020366,
    0.000271026863501664,
    0.00028497922047650303,
    0.000268444686247507,
    0.00027707229318158107,
    0.000271399797249614
  ],