{
  "noise_type": "bernoulli",
  "noise_param": 0.7,
  "train_loss": [
    0.23927729517221452,
    0.2122650648653507,
    0.2131870459020138,
    0.20689196303486823,
    0.20541329681873322,
    0.20945614337921142,
    0.20365428194403648,
    0.20315899863839149,
    0.21031516790390015,
    0.20428401559591294,
    0.20437428802251817,
    0.20531380087137222,
    0.20360352382063865,
    0.20298332914710046,
    0.20910697892308236,
    0.2042928721010685,
    0.20486822128295898,
    0.19893642142415047,
    0.20373997256159782,
    0.20367714449763297,
    0.20340763926506042,
    0.20154973208904267,
    0.19657567992806435,
    0.20620373025536537,
    0.2006355956196785,
    0.20558560863137246,
    0.2005094477534294,
    0.20147766023874283,
    0.19995212614536284,
    0.20077571526169777,
    0.20105857640504837,
    0.2030884912610054,
    0.19872057780623437,
    0.1994030025601387,
    0.1981639815866947,
    0.1987652835249901,
    0.19918897733092308,
    0.20665424063801766,
    0.2032228182256222,
    0.19675831854343415,
    0.2019665116071701,
    0.20103473126888274,
    0.1996201193332672,
    0.2039124673604965,
    0.20169812470674514,
    0.19957329839468002,
    0.20065496116876602,
    0.2029360453784466,
    0.20447863325476645,
    0.20292268186807633,
    0.19966732501983642,
    0.19967281132936476,
    0.19985223501920701,
    0.19296283558011054,
    0.20068022802472116,
    0.19977523818612097,
    0.19466396033763886,
    0.2019650222361088,
    0.19790615499019623,
    0.1974601535499096,
    0.1984025301039219,
    0.19410793334245682,
    0.200104458630085,
    0.19984907522797585,
    0.19722876131534575,
    0.1981810835003853,
    0.19407980844378472,
    0.19813762977719307,
    0.19776394188404084,
    0.1996367470920086,
    0.1991167874634266,
    0.19941641211509706,
    0.19838426738977433,
    0.19515634521842004,
    0.2021615895628929,
    0.19465247169137,
    0.19829043865203858,
    0.19469736084342004,
    0.19912349969148635,
    0.20131675273180008,
    0.19496505916118623,
    0.1947705416381359,
    0.19333938643336296,
    0.19456398963928223,
    0.19831266716122628,
    0.19352488905191423,
    0.2006570391356945,
    0.19861580535769463,
    0.19941589549183847,
    0.19614935502409936,
    0.19421194478869439,
    0.19511319518089296,
    0.1961393204331398,
    0.19686952516436576,
    0.19541628330945968,
    0.19703125968575477,
    0.19878416016697883,
    0.19714418053627014,
    0.19957624703645707,
    0.19363201960921286
  ],
  "valid_loss": [
    0.2190189129114151,
    0.20968001008033751,
    0.21383128106594085,
    0.21800466895103454,
    0.20338741600513457,
    0.21189707159996032,
    0.20211561143398285,
    0.2026570349931717,
    0.20255511939525606,
    0.20595193326473235,
    0.20311901867389678,
    0.20514345705509185,
    0.1983184862136841,
    0.203907350897789,
    0.19731536865234375,
    0.19962474405765535,
    0.21324971795082093,
    0.2019569158554077,
    0.1986307567358017,
    0.21011132955551148,
    0.2083801257610321,
    0.19664139330387115,
    0.19761793673038483,
    0.20555543780326843,
    0.20907539367675781,
    0.2050639396905899,
    0.19851797878742217,
    0.20706282138824464,
    0.20284461259841918,
    0.1922059464454651,
    0.19852836191654205,
    0.20164167642593384,
    0.20953733563423158,
    0.19504084467887878,
    0.20047807812690735,
    0.20408856511116027,
    0.20281278669834138,
    0.19883712112903595,
    0.2024018257856369,
    0.201666157245636,
    0.19900607347488403,
    0.19379840135574342,
    0.20093633472919464,
    0.2019708836078644,
    0.20524968564510346,
    0.19919886350631713,
    0.19860097587108613,
    0.20218053817749024,
    0.1969134759902954,
    0.1996914976835251,
    0.20298561930656434,
    0.19887400031089783,
    0.20104076385498046,
    0.19899770021438598,
    0.19385344803333282,
    0.1984499830007553,
    0.195964075922966,
    0.20774738848209381,
    0.19247168719768523,
    0.19752556681632996,
    0.19694331228733064,
    0.1998910766839981,
    0.19196040987968443,
    0.19869664311408997,
    0.1928486168384552,
    0.20036495983600616,
    0.19409521162509918,
    0.2080157369375229,
    0.20090823829174043,
    0.20260091602802277,
    0.19891427397727968,
    0.1962253838777542,
    0.19687389850616455,
    0.19829235434532166,
    0.1937283593416214,
    0.1922658109664917,
    0.19600608468055725,
    0.19429442167282104,
    0.1962137722969055,
    0.19520413458347322,
    0.19602699756622313,
    0.20363875567913056,
    0.19592233657836913,
    0.1990290743112564,
    0.19459296584129335,
    0.19669192850589753,
    0.1966714346408844,
    0.19661182045936584,
    0.19680506110191345,
    0.19752772986888886,
    0.19254615664482116,
    0.1900904208421707,
    0.20178190052509307,
    0.1972590059041977,
    0.19181704580783843,
    0.1916143214702606,
    0.19915144562721251,
    0.18985436916351317,
    0.19293835282325744,
    0.19059544086456298
  ],
  "valid_psnr": [
    9.183141589164734,
    9.27932725906372,
    9.111126189231873,
    8.889462490081787,
    9.407707557678222,
    9.60166732788086,
    9.00354607105255,
    9.215662388801574,
    9.360643095970154,
    9.180997319221497,
    9.11961750984192,
    8.952504696846008,
    8.883536710739136,
    8.793083701133728,
    9.143814029693603,
    8.987544965744018,
    8.778494853973388,
    9.097250409126282,
    9.093623652458191,
    8.96830135345459,
    8.79577887058258,
    9.579374451637268,
    9.282347316741943,
    9.072269792556762,
    8.635277633666993,
    8.665808839797974,
    9.197061114311218,
    8.702246918678284,
    8.90755304813385,
    9.025384726524353,
    8.975614557266235,
    8.8452357339859,
    8.675445947647095,
    9.167073874473571,
    8.772380886077881,
    8.941921572685242,
    9.12706362247467,
    9.018190870285034,
    8.880375995635987,
    9.211206092834473,
    8.896294989585876,
    9.006079149246215,
    8.764619326591491,
    8.890562915802002,
    8.769577884674073,
    8.885757689476014,
    9.1162220287323,
    9.227507467269897,
    9.156114978790283,
    9.053585948944091,
    8.920217633247375,
    8.896585006713867,
    8.789437398910522,
    8.8351398563385,
    9.051612458229066,
    8.71571765422821,
    8.805807099342346,
    8.711127891540528,
    8.94106607913971,
    8.830008897781372,
    8.855285105705262,
    8.68861813545227,
    8.994504966735839,
    8.808136377334595,
    8.862445111274718,
    8.706108059883118,
    8.895624823570252,
    8.758694548606872,
    8.74209101676941,
    8.693351230621339,
    8.775469627380371,
    8.95163266658783,
    8.910071444511413,
    8.733063731193543,
    8.985916271209717,
    8.971552734375,
    8.856806025505065,
    8.861175742149353,
    8.835767183303833,
    8.91858648300171,
    8.877297487258911,
    8.62674213886261,
    8.836705079078675,
    8.71177541732788,
    8.793734908103943,
    8.818641076087951,
    8.80488651752472,
    8.921504430770874,
    9.054072732925414,
    8.749770112037659,
    8.881994047164916,
    8.959335069656372,
    8.703494963645936,
    8.8041162109375,
    8.887812633514404,
    8.911282339096068,
    8.740159945487976,
    8.948533549308777,
    8.952271318435669,
    8.945725131034852
  ]
}