{
  "noise_type": "raw",
  "noise_param": 0.4,
  "train_loss": [
    0.09599393626941191,
    0.05909115347222517,
    0.055980753440683824,
    0.0585316881476906,
    0.055887794365802206,
    0.05576073806944924,
    0.05563997519795609,
    0.055035217545698845,
    0.05561470994912735,
    0.055516753827195016,
    0.055426076693989204,
    0.05530247544175086,
    0.05491449519868825,
    0.05555747512669883,
    0.05519165402081267,
    0.05532715359341293,
    0.05491005348474976,
    0.05497061195599406,
    0.054744270151878535
  ],
  "valid_loss": [
    0.06110582166052546,
    0.05752735430778786,
    0.05557104451079165,
    0.055791212447110265,
    0.05542857978302651,
    0.055305256992661624,
    0.055388978042359385,
    0.055347900934206364,
    0.05519398769480359,
    0.05577829805276842,
    0.056257607186058926,
    0.055301268046607004,
    0.05544884548242255,
    0.05675270101477806,
    0.06242820374341032,
    0.05581957557216347,
    0.05658995417614043,
    0.05681741467733372,
    0.05682431265915589
  ],
  "valid_psnr": [
    12.587662185508917,
    12.901119266969635,
    12.875467044364699,
    12.859570840542977,
    12.949175588141026,
    12.902433184620852,
    12.900554266134174,
    12.966192316171215,
    12.923424483207922,
    12.835699417744529,
    12.976668220425813,
    12.898195678427777,
    12.974651475323245,
    12.971222604743673,
    12.313050416339166,
    12.979929768349793,
    12.75463739101858,
    12.73383954426479,
    12.969488335009052
  ]
}