{
  "noise_type": "gradient",
  "noise_param": 0.4,
  "train_loss": [
    0.0,
    0.0,
    0.0,
    0.0,
    0.0,
    0.0,
    0.0,
    0.0,
    0.0,
    0.0,
    0.0,
    0.0,
    0.0,
    0.0,
    0.0,
    0.0,
    0.0,
    0.0,
    0.0,
    0.0,
    0.0,
    0.0,
    0.0,
    0.0,
    0.0,
    0.0,
    0.0,
    0.0,
    0.0,
    0.0,
    0.0,
    0.0,
    0.0,
    0.0,
    0.0,
    0.0,
    0.0,
    0.0,
    0.0,
    0.0,
    0.0,
    0.0,
    0.0,
    0.0,
    0.0,
    0.0,
    0.0,
    0.0,
    0.0,
    0.0,
    0.0,
    0.0,
    0.0,
    0.0,
    0.0,
    0.0,
    0.0,
    0.0,
    0.0,
    0.0,
    0.0,
    0.0,
    0.0,
    0.0,
    0.0,
    0.0,
    0.0,
    0.0,
    0.0,
    0.0,
    0.0,
    0.0,
    0.0,
    0.0,
    0.0,
    0.0,
    0.0,
    0.0,
    0.0,
    0.0,
    0.0,
    0.0,
    0.0,
    0.0,
    0.0,
    0.0,
    0.0,
    0.0,
    0.0,
    0.0,
    0.0,
    0.0,
    0.0,
    0.0,
    0.0,
    0.0,
    0.0,
    0.0,
    0.0,
    0.0
  ],
  "valid_loss": [
    0.0038139445334672926,
    0.001868929546326399,
    0.001265276842750609,
    0.001121434646192938,
    0.0008548725675791502,
    0.0006835657986812294,
    0.0007164408941753209,
    0.0005506708426401019,
    0.0004896153428126126,
    0.0005811769014690072,
    0.0003968173346947879,
    0.0009103749739006162,
    0.0003262967895716429,
    0.00033154987730085847,
    0.0011316203325986863,
    0.0003808566858060658,
    0.000269964478793554,
    0.000294612399302423,
    0.00027379732520785185,
    0.00022606063634157182,
    0.0001844708458520472,
    0.00022877376235555858,
    0.00021688607463147492,
    0.000161100659170188,
    0.00015790064033353702,
    0.0001964956766460091,
    0.00017379789322149008,
    0.00021566797397099436,
    0.0001633861756999977,
    0.00013725639873882756,
    0.0001245999781531282,
    0.0001588889380218461,
    0.00016249730135314166,
    0.000121198779088445,
    0.0001428548980038613,
    0.00011245092726312578,
    0.0001147485786350444,
    0.0001641512109199539,
    0.000154581677634269,
    9.921386721543968e-05,
    0.00011787091381847858,
    0.00012981066451175138,
    9.0434929006733e-05,
    0.00011020648089470342,
    8.49491055123508e-05,
    9.900076518533752e-05,
    8.077227132162079e-05,
    8.698952471604571e-05,
    8.844276424497367e-05,
    0.00021122102451045065,
    7.130143378162756e-05,
    7.150875244406052e-05,
    7.453208439983427e-05,
    0.00014470114576397463,
    8.160661382135004e-05,
    0.00011258544720476493,
    0.00010557878122199326,
    7.762372522847727e-05,
    8.087465219432488e-05,
    0.00011771158926421777,
    0.00016394081991165876,
    7.143384485971183e-05,
    6.790374478441662e-05,
    7.702882372541353e-05,
    0.0002513609343441203,
    0.0001207916985731572,
    6.112553877756e-05,
    0.0001551199721870944,
    7.076692039845512e-05,
    8.615289960289374e-05,
    6.395977296051569e-05,
    6.709075387334451e-05,
    0.00014795769413467497,
    5.724009228288196e-05,
    5.9761895099654796e-05,
    6.079482496716082e-05,
    8.125001651933417e-05,
    6.0468570009106773e-05,
    5.537827368243598e-05,
    5.566113948589191e-05,
    9.657344198785723e-05,
    9.531505405902862e-05,
    6.894078251207247e-05,
    8.785262325545773e-05,
    4.979849050869234e-05,
    4.967274333466776e-05,
    8.16634637885727e-05,
    8.176096365787088e-05,
    6.269017394515686e-05,
    0.00012206875660922378,
    4.298469677451067e-05,
    6.507500846055337e-05,
    6.740109660313464e-05,
    0.00010597800195682794,
    0.000144216553599108,
    4.993060589185916e-05,
    9.6545192936901e-05,
    0.00012981331819901244,
    5.7305839291075245e-05,
    5.225235436228104e-05
  ],
  "valid_psnr": [
    24.24760747909546,
    27.356496849060058,
    29.07430170059204,
    29.604542865753174,
    30.789066352844237,
    31.776368026733397,
    31.537100257873536,
    32.689459285736085,
    33.20388265609741,
    32.45265762329102,
    34.1239875793457,
    30.44859321594238,
    34.97088260650635,
    34.88305736541748,
    29.55121789932251,
    34.24837383270264,
    35.800266075134275,
    35.38883480072022,
    35.7875638961792,
    36.58192852020264,
    37.487910461425784,
    36.51194297790527,
    36.790922775268555,
    38.06997928619385,
    38.152703819274905,
    37.156183891296386,
    37.742128448486326,
    36.789554290771484,
    37.998615493774416,
    38.79285472869873,
    39.18429817199707,
    38.111432304382326,
    37.989623832702634,
    39.284415283203124,
    38.561926956176755,
    39.64432960510254,
    39.53893390655517,
    37.980734977722165,
    38.20958873748779,
    40.19510570526123,
    39.39582294464111,
    38.97515190124512,
    40.594703369140625,
    39.69744579315186,
    40.89137390136719,
    40.161581916809084,
    41.14712879180908,
    40.78573276519776,
    40.68232929229736,
    36.80560111999512,
    41.66308887481689,
    41.65516971588135,
    41.46751197814942,
    38.58840831756592,
    41.04401176452637,
    39.60636150360107,
    39.9213272857666,
    41.26345149993897,
    41.085980606079104,
    39.37370559692383,
    38.043597297668455,
    41.63460639953613,
    41.89087673187256,
    41.28736743927002,
    36.15616722106934,
    39.25927490234375,
    42.31766311645508,
    38.28561046600342,
    41.6564115524292,
    40.76118934631348,
    42.131509895324704,
    41.89802375793457,
    38.39538791656494,
    42.60685157775879,
    42.42362651824951,
    42.31768230438232,
    41.00365142822265,
    42.36636463165283,
    42.77063297271729,
    42.775673408508304,
    40.260383491516116,
    40.32194927215576,
    41.76902862548828,
    40.768336868286134,
    43.262232322692874,
    43.25056541442871,
    40.98117660522461,
    41.05257949829102,
    42.176244506835936,
    39.2225700378418,
    43.90030506134033,
    42.09173770904541,
    41.8584468460083,
    39.86567611694336,
    38.64388717651367,
    43.18447681427002,
    40.39338676452637,
    39.17726947784424,
    42.56114803314209,
    43.0040856552124
  ]
}