{
  "noise_type": "gradient",
  "noise_param": 0.4,
  "train_loss": [
    0.0,
    0.0,
    0.0,
    0.0,
    0.0,
    0.0,
    0.0,
    0.0,
    0.0,
    0.0,
    0.0,
    0.0,
    0.0,
    0.0,
    0.0,
    0.0,
    0.0,
    0.0,
    0.0,
    0.0,
    0.0,
    0.0,
    0.0,
    0.0,
    0.0,
    0.0,
    0.0,
    0.0,
    0.0,
    0.0,
    0.0,
    0.0,
    0.0,
    0.0,
    0.0,
    0.0,
    0.0,
    0.0,
    0.0,
    0.0,
    0.0,
    0.0,
    0.0,
    0.0,
    0.0,
    0.0,
    0.0,
    0.0,
    0.0,
    0.0,
    0.0,
    0.0,
    0.0,
    0.0,
    0.0,
    0.0,
    0.0,
    0.0,
    0.0,
    0.0,
    0.0,
    0.0,
    0.0,
    0.0,
    0.0,
    0.0,
    0.0,
    0.0,
    0.0,
    0.0,
    0.0,
    0.0,
    0.0,
    0.0,
    0.0,
    0.0,
    0.0,
    0.0,
    0.0,
    0.0,
    0.0,
    0.0,
    0.0,
    0.0,
    0.0,
    0.0,
    0.0,
    0.0,
    0.0,
    0.0,
    0.0,
    0.0,
    0.0,
    0.0,
    0.0,
    0.0,
    0.0,
    0.0,
    0.0,
    0.0
  ],
  "valid_loss": [
    0.002057739195879549,
    0.0015627552677566806,
    0.0013852415101913115,
    0.0012498962751124054,
    0.0011533061566296964,
    0.0011334358772728593,
    0.0010865382850170136,
    0.0011356348152427624,
    0.0009955698410825183,
    0.0008960060911097874,
    0.0009319694324706992,
    0.0008227476559113711,
    0.0008551856289462496,
    0.0008026974236903091,
    0.0007945216726511717,
    0.0007679609737048546,
    0.0006952698604436591,
    0.0009152095415629446,
    0.0009122920649436613,
    0.0006827744810531537,
    0.0006808447263514003,
    0.000931807675321276,
    0.0006494221626780928,
    0.0006718118325807154,
    0.0006399255168313781,
    0.0006736877306442087,
    0.000665579682875735,
    0.0006119665078585968,
    0.0006336124109414717,
    0.0006625875539612025,
    0.0008172695175744593,
    0.0005985380829467128,
    0.0006588128123742839,
    0.0006076962502750879,
    0.0005745195356818537,
    0.000624694367676663,
    0.0006989089170626055,
    0.0006464539173369606,
    0.0006339563852331291,
    0.0005711144787104179,
    0.0005961011949693785,
    0.0005849980720086023,
    0.0005724195584965249,
    0.0006879721195825066,
    0.0005745397676946596,
    0.0005858951626578346,
    0.0006987869817142685,
    0.0006051874253898859,
    0.0005847236073653524,
    0.0005543877991537253,
    0.0005656472387878845,
    0.0005498179486797502,
    0.0005532929043207939,
    0.0005617511507201319,
    0.0005741730293569465,
    0.0005601117988893141,
    0.0005418968241428957,
    0.0005596071345886837,
    0.0005464252782985568,
    0.0005971704939535509,
    0.0005501099881560852,
    0.0005773632205091417,
    0.0006205866530459996,
    0.0006009010481648147,
    0.0005979914460719252,
    0.0005479200626723468,
    0.0005423518179062133,
    0.0005376878834795207,
    0.0005488332322177787,
    0.0005581812603243937,
    0.0005698597747444485,
    0.0005221395054832101,
    0.0005306878903259834,
    0.0005293174918430547,
    0.0005426297517260537,
    0.0005440044352629532,
    0.0006025882816174999,
    0.0005457936659998571,
    0.0005297994309027368,
    0.0005628580799869572,
    0.0005303895683027804,
    0.0005387926483914877,
    0.0005382135830586776,
    0.0005152258682452764,
    0.0005581639619776979,
    0.0005467552468568708,
    0.000531972413106511,
    0.0005260622342272351,
    0.0005232613145684203,
    0.0005572816269705072,
    0.0005447262461530045,
    0.0005311504103398571,
    0.000518470171179312,
    0.0005347111922067901,
    0.0006538234864516805,
    0.0005983862569943692,
    0.0006245731667149812,
    0.0005412942351540551,
    0.0005399238046569129,
    0.0005846721042568485
  ],
  "valid_psnr": [
    27.034925492604575,
    28.265325339635215,
    28.805732456843057,
    29.297951904932656,
    29.651235246658324,
    29.709832779566447,
    29.87040942509969,
    29.652652645111083,
    30.281530888875327,
    30.723020633061726,
    30.531116739908853,
    31.079007959365846,
    30.88151127497355,
    31.18286115328471,
    31.21879064242045,
    31.400115569432575,
    31.8640766620636,
    30.60102192560832,
    30.62533424695333,
    31.90916182200114,
    31.938865629831948,
    30.475344451268516,
    32.15863331158956,
    31.98598551750183,
    32.22521556218465,
    31.996152957280476,
    32.022187598546346,
    32.436653486887614,
    32.27829038302104,
    32.049766047795615,
    31.09178112347921,
    32.53934698104858,
    32.07009375890096,
    32.46629889806112,
    32.72423979441325,
    32.29936377207438,
    31.782959318161012,
    32.15858899752299,
    32.24817711512248,
    32.736863422393796,
    32.50172707239787,
    32.632291571299234,
    32.71890376408895,
    31.878659788767497,
    32.74879978497823,
    32.62832400004069,
    31.775281222661338,
    32.4541392326355,
    32.62442978223165,
    32.86198476155599,
    32.76944842338562,
    32.918426831563316,
    32.88290282885234,
    32.83231126467387,
    32.69841276804606,
    32.83156674702962,
    32.9904851436615,
    32.81051352818807,
    32.95375833511353,
    32.51502224604289,
    32.87927776972453,
    32.6564074198405,
    32.33498287200928,
    32.454443025588986,
    32.48309596379598,
    32.90838003158569,
    32.97927598953247,
    33.028354247411094,
    32.911999241511026,
    32.831766843795776,
    32.727716000874835,
    33.12140997250875,
    33.069182777404784,
    33.09180137316386,
    32.959729226430255,
    32.9306717077891,
    32.44476610819499,
    32.924648412068684,
    33.07160107294718,
    32.77876035372416,
    33.08152677218119,
    33.00190649032593,
    33.00356837908427,
    33.231894969940186,
    32.81177546183268,
    32.928010098139445,
    33.069982369740806,
    33.11037513415019,
    33.14250184694926,
    32.84021285374959,
    32.93682494163513,
    33.06797003746033,
    33.167811234792076,
    33.051155694325765,
    32.09599108695984,
    32.4650049050649,
    32.32408614158631,
    32.94901688893636,
    33.00173066457113,
    32.6449095249176
  ]
}