{
  "noise_type": "raw",
  "noise_param": 0.4,
  "train_loss": [
    0.13889000669953305,
    0.09858947509700365,
    0.05088396215876523,
    0.023070772008126326,
    0.014943633050988333,
    0.013709014011329323,
    0.010039305107855284,
    0.008515509377973438,
    0.007520042220093332,
    0.007406712483902728,
    0.006320270638128478,
    0.006407061224386598,
    0.005472469063290079,
    0.005425384083175851,
    0.005703996125852123,
    0.005191977531916529,
    0.004474001185715156,
    0.004765034735316792,
    0.003941843809608578,
    0.00393760920619284,
    0.0040471270889061465,
    0.003775025565948447,
    0.003853210398331938,
    0.003755912263218024,
    0.0035618887638912138,
    0.0034914074060549685,
    0.0035841610500368243,
    0.0036510136971214025,
    0.003477244117228149,
    0.003391867838097301,
    0.003549465201208551,
    0.0034950468515020107,
    0.003385090664386041,
    0.003272234470267736,
    0.0034671284068986327,
    0.0032657146531330375,
    0.003286891162892516,
    0.003245012544372853,
    0.0033954166276051897,
    0.003248629107764544,
    0.003362792401478154,
    0.003277123684393035,
    0.0031347484866612305,
    0.003199926835933364,
    0.003160356572405743,
    0.003207190762237753,
    0.003127445962865913,
    0.0034689433607772518,
    0.0029859419896476652,
    0.0030599051073099738,
    0.003022860549347488,
    0.0030743815276054643,
    0.0029215306519371027,
    0.0031067866019883414,
    0.0030053415441515813,
    0.0029478273531865534,
    0.0029521692576636683,
    0.0029455332422139977,
    0.0029303476937418767,
    0.0029876230400454145,
    0.0028259545229765643,
    0.0028578443734054554,
    0.002962365410630094,
    0.0027652290380581696,
    0.0027540410687970484,
    0.0027630453552857604,
    0.00280409264986938,
    0.0027474252988609984,
    0.002541185752494669,
    0.0026362606535995188,
    0.0026346961066573945,
    0.002579237109027188,
    0.0026814969819414602,
    0.0025922493666368845,
    0.002398839419703513,
    0.0024140509596454356,
    0.002464233684717321,
    0.0023471157513326965,
    0.0023434947861163385,
    0.0025411325501239995,
    0.0023215009447025265,
    0.0021858267013463504,
    0.0021875500948759703,
    0.0020850120985227492,
    0.0020665743170736645,
    0.002069335002406211,
    0.0020569229845239763,
    0.0016310647055509738,
    0.0015218613463543974,
    0.0014438193865724373,
    0.0013614443970778952,
    0.001325411117149746,
    0.0012470366172401444,
    0.0011945796888432594,
    0.0011606677601451185,
    0.0011174107191279305,
    0.0010875230606496526,
    0.001059246763345381,
    0.0010167091726792105,
    0.0009974095525268527
  ],
  "valid_loss": [
    0.10828135366621036,
    0.0652770881181205,
    0.028087554530332525,
    0.017491023861798446,
    0.013863147434569687,
    0.011401510599147534,
    0.007964070238930067,
    0.007029910469729083,
    0.007671405578025593,
    0.006568351649130845,
    0.008488716302579167,
    0.005106688051946673,
    0.005999170253757176,
    0.004541962967126606,
    0.010567920195274881,
    0.004374128439726351,
    0.006326154814570257,
    0.004285506783504551,
    0.003783728408030342,
    0.005112040305599039,
    0.0034374973865759625,
    0.003678203944506138,
    0.003527025802054084,
    0.0033326042220604007,
    0.0038149093914033967,
    0.003641846068437998,
    0.003309578644078485,
    0.005215925485950737,
    0.006541602707671285,
    0.003091811880472967,
    0.003258337145626699,
    0.0034401141522556688,
    0.002980382634468615,
    0.0033495503884362833,
    0.0030732803078344483,
    0.0032984308759495223,
    0.0031456528417729223,
    0.0038673676829342166,
    0.0032010392595408486,
    0.0032217694189860123,
    0.004211810604269492,
    0.00377057605490914,
    0.003071159882971364,
    0.0031135190951844913,
    0.0033147702141815266,
    0.0036684675193061037,
    0.003163758983823693,
    0.004072243144679862,
    0.002926385364373221,
    0.002993062636831548,
    0.003340689479178019,
    0.0034552708822413888,
    0.003101189444185941,
    0.0029363469872837264,
    0.003112332842174291,
    0.0030688970575718623,
    0.0029946018262579093,
    0.00302836022173342,
    0.0030542078467089883,
    0.003267494806617339,
    0.002852464583030241,
    0.0031009916149675526,
    0.003841590262283034,
    0.002874965755343365,
    0.0030071308693233444,
    0.002960181806804683,
    0.0033242215186737286,
    0.003124289617515565,
    0.0029247895974704678,
    0.003219431665151877,
    0.003155146072384156,
    0.0031171588000833434,
    0.0034211181318605393,
    0.0036181857055652094,
    0.002934772318786758,
    0.0032662889933250056,
    0.003278820027561358,
    0.0030658894841233716,
    0.0036255842777759098,
    0.0033494823078195905,
    0.0030074950282208226,
    0.0035883547066296526,
    0.0032847740150894586,
    0.0035661787341178123,
    0.003161152379372342,
    0.0039024681911051713,
    0.002978592334828465,
    0.0030377461544165625,
    0.0030709476305040766,
    0.003113293603845119,
    0.0031870180627986814,
    0.002989680942780601,
    0.00295516387466144,
    0.003119186947367509,
    0.0031232854459387746,
    0.0029630855167553025,
    0.003112321610815873,
    0.0031329276795456244,
    0.0030786443913688724,
    0.0032736291806329874
  ],
  "valid_psnr": [
    9.848228445984683,
    12.222890480973868,
    15.955324298582623,
    18.37713901781695,
    19.10860009130583,
    19.988093086288448,
    21.604156936261067,
    22.01014518592376,
    21.641306493529985,
    22.37272908717208,
    21.42380911694259,
    23.372849928895654,
    22.88700530865848,
    24.04181095919044,
    20.474858420137302,
    24.239213575877955,
    22.85313702394213,
    24.421457923975385,
    25.107083775653646,
    23.76959309362987,
    25.40471697496051,
    25.365285415530778,
    25.39117898927787,
    25.64452095729563,
    24.980896183195295,
    25.54785269498781,
    25.866334457808385,
    24.31991725502944,
    23.18596255824747,
    26.053080552809586,
    25.765148560446026,
    25.61729279779036,
    26.28156998466535,
    25.84784533577185,
    26.031486505581753,
    25.96109302234012,
    26.014568935076024,
    24.927306415650754,
    25.86369023259171,
    25.801928059701858,
    24.609280461657228,
    25.402245706120052,
    26.040357505449897,
    25.956934167103068,
    25.60484527304787,
    25.21512093737498,
    25.879650658909483,
    24.78963814551476,
    26.3855820488474,
    26.20050687405596,
    26.001906882598607,
    25.85296783192845,
    26.181099287568337,
    26.306912298326477,
    26.16013712072788,
    25.991403876424297,
    26.357644751911234,
    26.119422733591918,
    26.289928130123712,
    26.091915688094243,
    26.45590254966116,
    26.308121525043905,
    25.20877451294186,
    26.45696473492245,
    26.200185358137045,
    26.31285896331007,
    25.895905562461156,
    25.962384489783805,
    26.445590619851636,
    25.981006618873757,
    26.06214079737617,
    25.931566047714664,
    25.929121131202372,
    25.656154175185673,
    26.392292933497693,
    26.01515244815908,
    25.870569461560155,
    26.19695425203003,
    25.513620072827067,
    25.610403466318516,
    26.17657537373907,
    25.630467295414125,
    25.990672298897856,
    25.548377988352627,
    25.950379382563163,
    25.164361466048305,
    26.24014320923685,
    26.32412693507898,
    26.245782707387338,
    25.969692768620195,
    25.942204574597312,
    26.263051006242442,
    26.23463473692978,
    26.053254348683783,
    26.02225161971287,
    26.274746820272462,
    25.963286624813417,
    26.060697089290162,
    26.166452962462568,
    25.798304049800016
  ]
}