{
  "noise_type": "raw",
  "noise_param": 0.4,
  "train_loss": [
    0.07855361426112048,
    0.02315429517272568,
    0.012540906205216152,
    0.009716247686065292,
    0.006961177575649041,
    0.005470421804496273,
    0.00629344528578519,
    0.004956528288631949,
    0.00522823244835763,
    0.004794044245348186,
    0.0035996939460671493,
    0.004612685144510945,
    0.003689127858876519,
    0.00416765588635172,
    0.003289957260608305,
    0.0031673571052597913,
    0.0035585631439482087,
    0.00395359089046289,
    0.0038954855566420447,
    0.0032728893682817143,
    0.0031436645535044268,
    0.0030270928770833026,
    0.0031451968008843886,
    0.0030770584761142888,
    0.003144327507386578,
    0.003089897391902689,
    0.0028657579339482803,
    0.003073473189477897,
    0.0030648104441800025,
    0.0027171158484004003,
    0.002736435846533113,
    0.00293631795236006,
    0.002901102546629571,
    0.0026579946234513907,
    0.002745529353732324,
    0.0026862033370719306,
    0.002699792661103613,
    0.0026413499231933415,
    0.002704666356905031,
    0.0025480753850830665,
    0.0028816230125574267,
    0.002486759202044224,
    0.002602400691979438,
    0.00264245448379463,
    0.0025204599838234776,
    0.0026291504121835926,
    0.0026713049627939234,
    0.0024740536286548087,
    0.002665515992831942,
    0.0025748078944594906,
    0.00239607165862575,
    0.002350664999393981,
    0.0023709049228148094,
    0.002491626468587046,
    0.002403737334734912,
    0.0024546288964315045,
    0.0024140117851092083,
    0.0023114614422013757,
    0.00230584781620721,
    0.0023014139801087494,
    0.002198233185101937,
    0.0021329495719831803,
    0.0022811454905602904,
    0.0021601517290093133,
    0.0022483711554474486,
    0.0021704937175096887,
    0.002041822950558466,
    0.0020714772692960433,
    0.0020511683065241562,
    0.0020805691942872534,
    0.002094025627851958,
    0.001989136930641629,
    0.0018834544019576602,
    0.0021072432597894126,
    0.001923430764282681,
    0.0017915043866350666,
    0.001849817323128893,
    0.0017364741140380694,
    0.001750495374911276,
    0.001444243741464323,
    0.001336305534416266,
    0.001242952436346568,
    0.0011772213925588513,
    0.0011226100004622674,
    0.0010992827612539239,
    0.0010387457953014586,
    0.0009561108992136379,
    0.0009640338719622589,
    0.000858134075653381,
    0.0008972520807155345,
    0.0008252294358998215,
    0.0008156990145865303,
    0.0007864656408523588,
    0.0007666918736217156,
    0.0007252751583650507,
    0.0007042840856544568,
    0.0006762366259045442,
    0.0006672797562445609,
    0.0006444014424204921,
    0.0006308835312036677
  ],
  "valid_loss": [
    0.032854403495175766,
    0.013816259925906453,
    0.009204895287005205,
    0.010052094676267663,
    0.005239142525894613,
    0.0058357757232738025,
    0.006710353998200126,
    0.005759459906150353,
    0.003666186886842884,
    0.003820470144675031,
    0.003552251053130888,
    0.003662099699357123,
    0.004778250459075412,
    0.0042638607773408865,
    0.0033630751579859235,
    0.004529415175962961,
    0.005505701155896484,
    0.0034629643819080644,
    0.00422191166584312,
    0.005063131940261453,
    0.003237413430362477,
    0.0033129157313250067,
    0.0034564564776368547,
    0.004028544741844795,
    0.004037838642205549,
    0.0034267028051743658,
    0.00331809688009608,
    0.003198422201715338,
    0.003099801777699732,
    0.0030987199776885115,
    0.003049768726038122,
    0.0030215949188697297,
    0.0035073666422149323,
    0.0031966768770670486,
    0.0032381604265049,
    0.003885713469128845,
    0.003027541953169651,
    0.003291200899111937,
    0.0029737323114075094,
    0.0035321658537520724,
    0.00295949852953166,
    0.0030386793607213303,
    0.003078766528865058,
    0.0029051658138062922,
    0.0028988094869973296,
    0.0043607828132978576,
    0.0031697412152582086,
    0.0032977844004182092,
    0.002989611241616019,
    0.002805103684547661,
    0.0029619815738460603,
    0.0038353970370823423,
    0.0027591424029672225,
    0.002850671923807387,
    0.00285958033060557,
    0.0028039593727544735,
    0.0028072526106831795,
    0.002994155934993915,
    0.0029493070643825236,
    0.0029212514859313764,
    0.002775488225208018,
    0.0027638061153088932,
    0.003119494933321055,
    0.0031407044862051996,
    0.0028161815701553965,
    0.0029625799719730284,
    0.0033952938315577165,
    0.003038755674049954,
    0.0027664577856585507,
    0.0028447500559908674,
    0.0028285250923805907,
    0.0031245602538610795,
    0.0030793979420335725,
    0.0027591074302711046,
    0.0031002826153446413,
    0.0030143278585419695,
    0.003161333001672461,
    0.0027810446589186895,
    0.0029544717028208226,
    0.0028997297926700327,
    0.0028071129647949822,
    0.00297781796948005,
    0.003121271155999425,
    0.002798018052485108,
    0.0035748844463019684,
    0.002819081314479562,
    0.002763850126208193,
    0.0029883053371029403,
    0.0030147012146516127,
    0.002719552419453634,
    0.00295733234444245,
    0.0030077171358687776,
    0.0029595071543274372,
    0.0028964369429244244,
    0.002903060806394763,
    0.0028133825568630822,
    0.003170698794911108,
    0.0029777970717557397,
    0.002970414881906832,
    0.002868017209590555
  ],
  "valid_psnr": [
    15.5284636919183,
    19.537150864227893,
    21.433412506840178,
    21.22627035829505,
    23.91309042075659,
    24.07218466106462,
    23.24430182557725,
    24.36106991518128,
    25.581204181258766,
    25.718495748211883,
    25.810834352337565,
    26.114340153434064,
    25.063770208150526,
    25.081702213783114,
    26.361132499229672,
    24.496472559108394,
    23.7632403726539,
    26.624286049307536,
    24.802407137657852,
    25.14423207811523,
    26.78499702073691,
    26.525636162626416,
    26.680875926620335,
    26.149750154082763,
    26.2398743729365,
    26.508948825873567,
    26.830916121566116,
    26.309645367462863,
    26.897635871751984,
    26.737144263036733,
    26.596696889611753,
    26.931512035264305,
    26.860695813092285,
    27.019189791818494,
    27.0151459190939,
    26.21204649205136,
    27.316019391361923,
    26.973937898254103,
    27.184355428523386,
    26.818397885933045,
    26.96742292887605,
    27.045423357688332,
    26.62002936745299,
    26.76753412375766,
    26.979855811191225,
    26.19801818847699,
    27.35347291179601,
    27.1641911730089,
    27.159187520001208,
    27.39908492198307,
    26.76450012195625,
    26.4531753544714,
    27.4011001508264,
    27.36285418176211,
    27.005018342680213,
    27.40541853641597,
    27.408121854522108,
    26.789687832192932,
    27.23393659652133,
    27.014399786126987,
    27.316034151808275,
    27.397785460199145,
    26.857122252764455,
    27.09949365126923,
    27.11085723449888,
    27.40383512769379,
    26.942606453866745,
    26.42021607064625,
    27.20740869198253,
    27.326117803150325,
    26.999011635494284,
    26.84349905865569,
    27.105164502896507,
    27.2433876842536,
    27.12759199635797,
    27.298208079085747,
    27.077981152842373,
    27.10983305859746,
    26.658005991381184,
    27.349342521630966,
    27.32423994200053,
    27.14381653908674,
    27.081918143693375,
    27.402713966410143,
    26.669882384262703,
    27.325752600594065,
    27.393909549357208,
    27.120632704086848,
    26.829819443094344,
    27.45730812501982,
    26.698071028001028,
    26.882978060957512,
    27.17530449624561,
    27.25853107789226,
    27.078520040548653,
    27.380574698358256,
    27.011366810133886,
    27.117313402066838,
    27.0714336207504,
    27.261577758316314
  ]
}