{
  "noise_type": "raw",
  "noise_param": 0.4,
  "train_loss": [
    0.07749025468727755,
    0.019622273350694476,
    0.01334874585811165,
    0.011751060976805205,
    0.007228994289681201,
    0.006353627903562232,
    0.006155910595955421,
    0.005089407384175021,
    0.004951174519587144,
    0.0045283447462211865,
    0.004422702888824175,
    0.003918888199862069,
    0.003796163709370547,
    0.00334202865136673,
    0.00356135385220624,
    0.0035073677882652052,
    0.0032258382946456373,
    0.003069639847191927,
    0.0030367223251842107,
    0.0031038830442572402,
    0.0031085903935015678,
    0.003209314972973036,
    0.003144874630484737,
    0.002778529377061898,
    0.002845620756392373,
    0.002985516058164798,
    0.0028818883387533986,
    0.0026781470713892535,
    0.002791848518148563,
    0.003025039554841061,
    0.002635871321968263,
    0.0026032875038417957,
    0.0025694233197627856,
    0.0025711298722666965,
    0.002618779436051787,
    0.0025309493621885897,
    0.0025624393620601506,
    0.002485637656394778,
    0.002590176900177778,
    0.0024288554739504936,
    0.0025243626630450807,
    0.002559238782620887,
    0.0025942689074490927,
    0.00246385978245868,
    0.0025279769455664814,
    0.0024076984043194132,
    0.002457343651638659,
    0.0023509009971926756,
    0.002313224050831132,
    0.002298934229543361,
    0.0022844163034864496,
    0.0022720847050382927,
    0.002274017463228354,
    0.002243500399150802,
    0.002203626808574413,
    0.0022537863819132318,
    0.002254913763802598,
    0.002232735768315144,
    0.0021246521056891765,
    0.0022827612041026995,
    0.0021540596400909553,
    0.0021199007846034426,
    0.0022270311313862257,
    0.002069366019064002,
    0.0020023879902474778,
    0.0018915801739240374,
    0.0019756631074781626,
    0.001963369396849062,
    0.0019240308038144898,
    0.0018247446979704864,
    0.0018852257980679185,
    0.0018097875211514057,
    0.0017107374814941119,
    0.001792778206886441,
    0.0017184417623629458,
    0.0016955676831630637,
    0.0016626318722263158,
    0.0016441653894540451,
    0.0016293115754127234,
    0.0016155375295763541,
    0.0012869053063114511,
    0.0011949890821165133,
    0.001148803166777024,
    0.0011011108155829126,
    0.0010315251498001496,
    0.0009969197120111494,
    0.0009499899934022047,
    0.0009163074330262115,
    0.0008965376693358957,
    0.0008585888609098956,
    0.000821839710221322,
    0.0008399877319790893,
    0.0007903900272242348,
    0.0007502816813001815,
    0.0007642221757651742,
    0.0007114253571520564,
    0.0006953657101164798,
    0.0006448210380520138,
    0.0006483857378858503,
    0.0006059684529924603
  ],
  "valid_loss": [
    0.03122098577057007,
    0.017439907612312545,
    0.009989634506600514,
    0.008256203101562718,
    0.006106392399172707,
    0.009135000767580757,
    0.003977043924010655,
    0.003908204549101196,
    0.005122241993245292,
    0.0035534814815419485,
    0.0048763377942147735,
    0.0037737241611240408,
    0.003423632190654884,
    0.003869405358134612,
    0.003537816817327105,
    0.003894225433389007,
    0.0032079009733269703,
    0.003427318509267099,
    0.0031210274947997612,
    0.003223286338706995,
    0.0030650979766249343,
    0.00741976640278589,
    0.0029436038885584464,
    0.0033502162903205927,
    0.002991009927691241,
    0.0034394995479498903,
    0.0027814120385748916,
    0.0027869111874536945,
    0.0035126285951477226,
    0.0027477900042739223,
    0.0029895902038447287,
    0.0027933861554478665,
    0.003085218161218083,
    0.0031587387608578823,
    0.003084598999381023,
    0.0027415753253632615,
    0.002738409865254264,
    0.002718076066187103,
    0.0030049201931821507,
    0.002891824621912735,
    0.002668902058990674,
    0.002661297048385384,
    0.0028571279521740884,
    0.003194991072368445,
    0.0036155014082456874,
    0.0027257677673391614,
    0.0027467374033715076,
    0.0029749121848456684,
    0.0026410531004857616,
    0.0026499241709692827,
    0.0027515701249584347,
    0.0026949824001133897,
    0.002721286931148721,
    0.0026319801067715767,
    0.0029014387069219412,
    0.0027591042371638568,
    0.0028452996023514083,
    0.002932027663151806,
    0.00278231032037861,
    0.0026882454516932316,
    0.0027510244369466754,
    0.002699411169328367,
    0.0031640097840296487,
    0.0027819183688417115,
    0.0027939061588564793,
    0.0027508980946885264,
    0.002693275103244211,
    0.0029692232941475744,
    0.002775096006083835,
    0.0027394913337354604,
    0.003060059694375612,
    0.0029461419618486864,
    0.003080434599313236,
    0.0027131220161181104,
    0.0028552266193601103,
    0.00266904176186836,
    0.0031647640398048097,
    0.002861793056574165,
    0.003282157116075211,
    0.0029667078018775052,
    0.002993378002205521,
    0.0029870149929697247,
    0.0029228643616504815,
    0.0030163265659590393,
    0.0029076339776860373,
    0.0028355343414601377,
    0.0027572148643308226,
    0.0028413124271993756,
    0.0030715327956642364,
    0.0027766740407533822,
    0.002861830614645668,
    0.002911583601870967,
    0.002788878856631915,
    0.003004170539674265,
    0.002855273446686578,
    0.002982915718071433,
    0.0028539718572171773,
    0.003000486005758471,
    0.002850994738459955,
    0.002940994496267403
  ],
  "valid_psnr": [
    15.907094208396513,
    18.797676801436918,
    20.76624100387143,
    21.705239747710973,
    23.360555920667576,
    22.401559110526925,
    25.188880454023316,
    25.323452237344437,
    23.871426423830105,
    25.849004936585025,
    24.565780456136785,
    25.602787393680615,
    25.747413192043926,
    25.148586740874574,
    25.966972693426897,
    25.676191717919583,
    26.46137889380651,
    25.784405545644738,
    26.288251166467173,
    26.344214985514622,
    26.28929837682305,
    22.616381943424173,
    26.58367054503706,
    25.900447188872363,
    27.0536461909243,
    25.890845666742713,
    26.934301904186984,
    27.11318520114955,
    25.619068507815786,
    27.21023070546133,
    26.497717935715556,
    27.196353656925385,
    26.656415157999007,
    26.113233941533906,
    26.58456376844521,
    26.97696105293247,
    26.84608325348895,
    27.419897396944368,
    26.455039628019094,
    26.713015068214492,
    27.322527349923085,
    27.155444018835695,
    27.23957905751132,
    26.71514153155279,
    25.617308415060208,
    27.45444475736774,
    26.940804629058807,
    26.520018902761652,
    27.24646199733572,
    27.340782521132358,
    26.81646762414481,
    26.995432934534126,
    27.050949279863463,
    27.306511380062666,
    26.55852695504475,
    26.84078339327425,
    26.760204531880458,
    26.68144678400815,
    26.820897443361485,
    27.49375515032731,
    27.080017087375076,
    27.329558377755138,
    26.196254406810066,
    27.299058463147684,
    26.87386811943568,
    27.31175656893947,
    26.957461105639265,
    26.424517461111375,
    27.202396094869755,
    27.241660712509944,
    26.91292127830559,
    26.809755065236924,
    26.885101954044337,
    27.16225663713499,
    26.91676127097651,
    27.19729234802152,
    26.356490935251493,
    26.85748631332481,
    26.4951658566377,
    26.983959994636127,
    26.562176913772216,
    26.802719824680683,
    26.6866329766384,
    26.85450849165163,
    26.706023237558043,
    26.948914880955652,
    27.16525275165573,
    26.927744419294168,
    26.50451349187996,
    27.12810031099149,
    26.78571160307521,
    26.798333242472044,
    27.031700340189172,
    26.566775688203787,
    26.839647040048767,
    26.63433385594334,
    26.911080518443512,
    26.883617547490385,
    26.928942274072302,
    26.781242482841296
  ]
}