{
  "noise_type": "lower",
  "noise_param": 0.4,
  "train_loss": [
    0.05860469543326059,
    0.017547198244662398,
    0.01546662828196673,
    0.015319285628220825,
    0.015412665610777245,
    0.014862311064285254,
    0.01316768461130033,
    0.013145947257800836,
    0.013056276260599443,
    0.013466506132719908,
    0.01226562231010273,
    0.012940644258663758,
    0.011622773321192279,
    0.012179477894922238,
    0.012358527808805708,
    0.011422769612494913,
    0.012295351512460782,
    0.010942510643378967,
    0.011451700462274669,
    0.010995296145237277,
    0.011759859009846623,
    0.011609272414809906,
    0.010689267533713182,
    0.01078865953151587,
    0.011268399118436771,
    0.01036425334166642,
    0.010280632190512324,
    0.011540293233242332,
    0.01076901105408042,
    0.010643799816627466,
    0.010693955470312709,
    0.010658094682701747,
    0.010546099280268876,
    0.010206139058651361,
    0.010229947881689046,
    0.01061533511051692,
    0.010156659160048258,
    0.01064567091059518,
    0.011837247923756695,
    0.01102500714970019,
    0.010068887570091192,
    0.010258850950850178,
    0.009752280757976656,
    0.009519011289718897,
    0.009952569511009172,
    0.01000547680074681,
    0.008888903659913393,
    0.009617161651228657,
    0.009394990940630956,
    0.009502427438682027,
    0.010155796376075872,
    0.009735907108477151,
    0.009405123127447563,
    0.009762803619049297,
    0.009864410641829776,
    0.009822479395363324,
    0.009413582925436955,
    0.008986193467343195,
    0.008905730792977606,
    0.010118285562807725,
    0.007679869456381919,
    0.007845422599906855,
    0.007504501323869904,
    0.007820959957846265,
    0.007603738348488617,
    0.0075961206373898315,
    0.007449616156462625,
    0.007715628555629078,
    0.007285710867642625,
    0.007610034624400641,
    0.007660591601654961,
    0.007448082808199274,
    0.0073893142131603706,
    0.007340777255315354,
    0.007460676175138485,
    0.007287522369151331,
    0.007282448419783246,
    0.007266320508836955,
    0.007418355713694111,
    0.007062128829769084,
    0.007053799083133582,
    0.007219788873434573,
    0.007205030575102911,
    0.006971757163358903,
    0.007244013289218215,
    0.007149344268966928,
    0.006960371340212498,
    0.006531321443752707,
    0.006462631709252921,
    0.006451314483463767,
    0.006482092362166934,
    0.0063661221743829995,
    0.0064010846420467955,
    0.006429070149047505,
    0.0063639755862973,
    0.006357402441326872,
    0.006257123607150689,
    0.006289752946720879,
    0.006250420424679657,
    0.0063561120675805615
  ],
  "valid_loss": [
    0.01863154624491818,
    0.016642161759512792,
    0.01327153588296304,
    0.019162380817466747,
    0.016379720279107828,
    0.015215824053196748,
    0.015866817504913235,
    0.012323132175518526,
    0.013037217643482986,
    0.013581591139782906,
    0.011420399271436904,
    0.011193760639975554,
    0.011199311682016145,
    0.01078424623991392,
    0.011411060649557945,
    0.010504922147009791,
    0.010379404754405186,
    0.010183093459340736,
    0.0115933909568652,
    0.014473809493883194,
    0.012538829017922668,
    0.011896617713350223,
    0.013288506257782697,
    0.010911357720158197,
    0.011710102692566766,
    0.010384169885978267,
    0.01043455106867009,
    0.011791989861959623,
    0.012052278755667856,
    0.009841944155649367,
    0.01144331334075736,
    0.010922026439722437,
    0.010806590668006287,
    0.009760792972540077,
    0.009968789302929838,
    0.009963934162380499,
    0.012005361339863465,
    0.010124645012184304,
    0.01850399270294378,
    0.010465234257427031,
    0.011048188844112803,
    0.009914046795850116,
    0.009905067433554014,
    0.011089321827290749,
    0.012141941638306142,
    0.010101453217371945,
    0.012471629839285259,
    0.010489696461213076,
    0.011275921511925201,
    0.010348671877986826,
    0.010988979006616753,
    0.011910893220834617,
    0.01241860982158891,
    0.010067499220152092,
    0.011141781157444302,
    0.010743465752683912,
    0.009957675610548312,
    0.011928190542862066,
    0.010451880404976735,
    0.012146424423915149,
    0.009747199045609013,
    0.009782359220726625,
    0.009811617446626352,
    0.010881013233662735,
    0.010304693252434419,
    0.010528409701613254,
    0.010050778470209609,
    0.01004197214691069,
    0.00999840008810756,
    0.009920817829451086,
    0.01074566150815383,
    0.009938516854973229,
    0.010126724967144505,
    0.01010893769631066,
    0.010031226336324039,
    0.009915980665996964,
    0.010047895231809852,
    0.01019375698472148,
    0.010349277694279211,
    0.010017412045658695,
    0.010126837039381963,
    0.010432635900350392,
    0.010070625393877963,
    0.010546371611060309,
    0.010723067883070692,
    0.010565494359049006,
    0.010062967049257852,
    0.010088437324669028,
    0.010279882159219246,
    0.009972027966144279,
    0.010044887634469975,
    0.010025304347880232,
    0.010292255474893871,
    0.010041687602606071,
    0.01002544295388486,
    0.010059955001491592,
    0.010070918353950983,
    0.010667508156942371,
    0.010242839187857403,
    0.010119358863827208
  ],
  "valid_psnr": [
    30.291717431238325,
    31.923237322045185,
    33.05785488601204,
    31.527255292250363,
    32.57509551331877,
    33.060474578570286,
    32.91601574735992,
    34.08595231686746,
    33.86464832739209,
    33.833727404142685,
    34.41912480262779,
    34.51491235459086,
    34.506512211534954,
    34.71541194126893,
    34.499159205367725,
    34.820744616753174,
    34.89117911538941,
    34.92570573377827,
    34.54868998316711,
    33.65465984445152,
    34.38557516578932,
    34.49266708532608,
    34.09494769027599,
    34.75798851320882,
    34.64058006021067,
    35.03062693917987,
    34.97894413991691,
    34.677917636820425,
    34.51795100578918,
    35.10803957712067,
    34.72325248630521,
    34.87035462287863,
    34.87802430268157,
    35.10214330263202,
    35.07673647362478,
    34.95182204105284,
    34.556865459915805,
    34.990302192010056,
    32.37370400136972,
    34.94772201544477,
    34.771361778963765,
    35.01683435599314,
    35.003059312258145,
    34.75968375883833,
    34.398920839997764,
    34.89494132493847,
    34.314531155886385,
    34.82215926683613,
    34.631880550959984,
    34.83433233489587,
    34.66592116817651,
    34.40417685990314,
    34.22320230404878,
    34.81420419771643,
    34.61700446615125,
    34.624218598266296,
    34.86625620880685,
    34.364910107243034,
    34.71220461715929,
    34.28968916927295,
    34.89462855523037,
    34.92171888316499,
    34.87770415360736,
    34.61030800117974,
    34.743977414148425,
    34.663451163945155,
    34.71894938026496,
    34.730143960360266,
    34.71072634845783,
    34.66834535288364,
    34.60852024188671,
    34.65549235382772,
    34.62584252740008,
    34.61480868069873,
    34.5850134440337,
    34.6526451276968,
    34.623113506525634,
    34.59736887683016,
    34.55687512740281,
    34.637076158416626,
    34.600121038404026,
    34.45775594004738,
    34.52852209843747,
    34.486133790348,
    34.500268690019816,
    34.42015187009328,
    34.503917525238336,
    34.52222352091706,
    34.49309844700098,
    34.57359743796598,
    34.473364440639436,
    34.507874631892626,
    34.467817199681235,
    34.466149350869394,
    34.495614556789306,
    34.46403141009685,
    34.442855354585355,
    34.36105640248231,
    34.406905835153175,
    34.38366646875961
  ]
}