{
  "noise_type": "lower",
  "noise_param": 0.4,
  "train_loss": [
    0.0,
    0.0,
    0.0,
    0.0,
    0.0,
    0.0,
    0.0,
    0.0,
    0.0,
    0.0,
    0.0,
    0.0,
    0.0,
    0.0,
    0.0,
    0.0,
    0.0,
    0.0,
    0.0,
    0.0,
    0.0,
    0.0,
    0.0,
    0.0,
    0.0,
    0.0,
    0.0,
    0.0,
    0.0,
    0.0,
    0.0,
    0.0,
    0.0,
    0.0,
    0.0,
    0.0,
    0.0,
    0.0,
    0.0,
    0.0,
    0.0,
    0.0,
    0.0,
    0.0,
    0.0,
    0.0,
    0.0,
    0.0,
    0.0,
    0.0,
    0.0,
    0.0,
    0.0,
    0.0,
    0.0,
    0.0,
    0.0,
    0.0,
    0.0,
    0.0,
    0.0,
    0.0,
    0.0,
    0.0,
    0.0,
    0.0,
    0.0,
    0.0,
    0.0,
    0.0,
    0.0,
    0.0,
    0.0,
    0.0,
    0.0,
    0.0,
    0.0,
    0.0,
    0.0,
    0.0,
    0.0,
    0.0,
    0.0,
    0.0,
    0.0,
    0.0,
    0.0,
    0.0,
    0.0,
    0.0,
    0.0,
    0.0,
    0.0,
    0.0,
    0.0,
    0.0,
    0.0,
    0.0,
    0.0,
    0.0
  ],
  "valid_loss": [
    0.025959773051242033,
    0.018443619987616938,
    0.02369451423486074,
    0.0175611744945248,
    0.017579933628439903,
    0.016957043080280225,
    0.01617122140402595,
    0.015072896207372347,
    0.015411055025955042,
    0.017514536250382663,
    0.013450063423564036,
    0.014940363820642233,
    0.012445534703632195,
    0.015915536942581337,
    0.014965190924704075,
    0.01412286569053928,
    0.011986602625499169,
    0.013763867691159249,
    0.013303598016500473,
    0.013733251858502627,
    0.014180252452691396,
    0.011873713911821444,
    0.014604597942282756,
    0.012212629771480958,
    0.012895368225872516,
    0.013622666678080956,
    0.011728597494463125,
    0.01191638878857096,
    0.01117584469417731,
    0.014614501750717561,
    0.011431678074101607,
    0.011719863706578812,
    0.012682096132387717,
    0.015227967003981272,
    0.012607377363989751,
    0.011364532665659984,
    0.01248131220539411,
    0.011861709008614222,
    0.013101477455347777,
    0.013606697134673596,
    0.013811022012184064,
    0.011350141310443481,
    0.013098052858064571,
    0.01262939115986228,
    0.016965289631237588,
    0.011022694657246273,
    0.01581122785185774,
    0.012180419980237882,
    0.01254187161102891,
    0.011180229888608059,
    0.012695628094176452,
    0.012417929122845332,
    0.01139874371389548,
    0.011787080330153306,
    0.014197319187223912,
    0.010591048933565616,
    0.012019606214016676,
    0.012124537117779255,
    0.012302866640190284,
    0.011461798039575418,
    0.011106801095108192,
    0.012445434089750051,
    0.011911975499242545,
    0.01220432457824548,
    0.016138205801447234,
    0.011960802413523198,
    0.011911373057713111,
    0.010821079028149445,
    0.010602826656152805,
    0.012054121152808269,
    0.012537856741497913,
    0.014204769829909007,
    0.013027466492106517,
    0.010325263564785322,
    0.012481987848877907,
    0.011325210519134998,
    0.011323371219138305,
    0.016458364141484102,
    0.011544468098630507,
    0.0105134433756272,
    0.010360957030206919,
    0.012223276278624932,
    0.01258248637119929,
    0.011121322400867939,
    0.011193967175980408,
    0.01616299742211898,
    0.01314589831357201,
    0.012020191146681706,
    0.010878778745730717,
    0.012261084622393052,
    0.01156754611680905,
    0.011036658007651568,
    0.011522535265733798,
    0.010406803075845043,
    0.012202802300453185,
    0.013945115792254607,
    0.011126443650573492,
    0.011433857989807924,
    0.012969858044137557,
    0.011142823317398628
  ],
  "valid_psnr": [
    27.233519013722738,
    29.631732781728108,
    29.152257601420086,
    30.66796806653341,
    30.854690424601237,
    31.05162909825643,
    31.397616974512736,
    31.599853388468425,
    31.735608100891113,
    31.527620347340903,
    32.33701915740967,
    32.13593581517537,
    32.63751400311788,
    32.02985858917236,
    32.35540870030721,
    32.51229972839356,
    32.85714268684387,
    32.52559606234232,
    32.70972507794698,
    32.60334305763244,
    32.618578386306766,
    33.07187609672546,
    32.348420476913454,
    32.96081720987956,
    32.931241289774576,
    32.65211456616719,
    33.17973124186198,
    33.06619296073914,
    33.32644510269165,
    32.55054988861084,
    33.28799471855164,
    33.282779932022095,
    32.99751935005188,
    32.49025019009908,
    32.92922366460164,
    33.11334538459778,
    33.05579341252645,
    33.118067280451456,
    32.78455138206482,
    32.79719435373942,
    32.80899610519409,
    33.12101798057556,
    32.85021532376607,
    33.02259764671326,
    32.009268506368,
    33.096871821085614,
    32.1965560277303,
    33.00400177637736,
    32.786352205276486,
    33.199364026387535,
    32.812198623021445,
    32.83953406016032,
    33.091236639022824,
    33.013536850611366,
    32.497266626358034,
    33.116458638509116,
    33.03961005210876,
    32.86250672340393,
    32.86021135648092,
    33.05371359189351,
    33.04387254714966,
    32.90855124791463,
    32.946514717737834,
    32.856754541397095,
    32.01568694114685,
    32.94654900232951,
    32.93046768506368,
    33.11491770744324,
    33.09814429283142,
    32.988138596216835,
    32.85249196688334,
    32.52537589073181,
    32.765011596679685,
    33.23990411758423,
    32.893618774414065,
    33.027121512095135,
    32.922318077087404,
    31.891221539179483,
    33.007551463445026,
    33.10186932881673,
    33.25697104136149,
    32.8389638264974,
    32.76798955599467,
    33.10043009122213,
    33.0564546585083,
    32.0402462164561,
    32.541121276219684,
    32.88583170572917,
    33.038014793395995,
    32.74063089688619,
    33.003828318913776,
    33.02144346237183,
    32.941098324457805,
    33.13001178105672,
    32.83915527661642,
    32.596248149871826,
    33.10332258542379,
    32.89203807512919,
    32.4303526242574,
    33.01826577186584
  ]
}