{
  "noise_type": "lower",
  "noise_param": 0.4,
  "train_loss": [
    0.0,
    0.0,
    0.0,
    0.0,
    0.0,
    0.0,
    0.0,
    0.0,
    0.0,
    0.0,
    0.0,
    0.0,
    0.0,
    0.0,
    0.0,
    0.0,
    0.0,
    0.0,
    0.0,
    0.0,
    0.0,
    0.0,
    0.0,
    0.0,
    0.0,
    0.0,
    0.0,
    0.0,
    0.0,
    0.0,
    0.0,
    0.0,
    0.0,
    0.0,
    0.0,
    0.0,
    0.0,
    0.0,
    0.0,
    0.0,
    0.0,
    0.0,
    0.0,
    0.0,
    0.0,
    0.0,
    0.0,
    0.0,
    0.0,
    0.0,
    0.0,
    0.0,
    0.0,
    0.0,
    0.0,
    0.0,
    0.0,
    0.0,
    0.0,
    0.0,
    0.0,
    0.0,
    0.0,
    0.0,
    0.0,
    0.0,
    0.0,
    0.0,
    0.0,
    0.0,
    0.0,
    0.0,
    0.0,
    0.0,
    0.0,
    0.0,
    0.0,
    0.0,
    0.0,
    0.0,
    0.0,
    0.0,
    0.0,
    0.0,
    0.0,
    0.0,
    0.0,
    0.0,
    0.0,
    0.0,
    0.0,
    0.0,
    0.0,
    0.0,
    0.0,
    0.0,
    0.0,
    0.0,
    0.0,
    0.0
  ],
  "valid_loss": [
    0.0327344523370266,
    0.02266310229897499,
    0.018900785595178604,
    0.020277646332979203,
    0.018253140151500702,
    0.013788198493421078,
    0.013515244126319886,
    0.013188818134367467,
    0.01387224331498146,
    0.012698176875710487,
    0.013289728574454785,
    0.010830360576510429,
    0.011347203142940998,
    0.01208148878067732,
    0.012249148152768612,
    0.011414611525833607,
    0.011349988505244255,
    0.009948232546448707,
    0.010096019357442856,
    0.009915008656680584,
    0.012666234187781811,
    0.0097820083796978,
    0.009748053066432475,
    0.009400298316031695,
    0.011415353566408158,
    0.011361725591123105,
    0.00946893559768796,
    0.009557540379464626,
    0.013357102610170842,
    0.009881649203598498,
    0.010066569782793522,
    0.011770986020565033,
    0.00958500012755394,
    0.008946038447320462,
    0.009510213769972324,
    0.008479351438581943,
    0.010223624631762504,
    0.009620771780610084,
    0.008865784425288438,
    0.010807515420019627,
    0.009924718216061591,
    0.009145637806504965,
    0.011123603992164135,
    0.008614959735423327,
    0.009455182105302811,
    0.008306074608117341,
    0.008201796729117632,
    0.008961265943944453,
    0.010480488762259483,
    0.009739657528698445,
    0.008957080990076065,
    0.008528504837304354,
    0.009502855259925128,
    0.0099561433121562,
    0.00989074505865574,
    0.008226898275315761,
    0.009260295256972313,
    0.010194313749670982,
    0.009375135228037835,
    0.010240839533507825,
    0.008942296374589204,
    0.008078604619950056,
    0.010112207569181918,
    0.009672389030456544,
    0.010168448053300382,
    0.013801349326968193,
    0.008375330939888953,
    0.01032657377421856,
    0.008199224136769772,
    0.00819347009062767,
    0.010569801777601242,
    0.008329879324883223,
    0.011693560183048249,
    0.008124015145003795,
    0.009799708761274815,
    0.008832603860646486,
    0.008208200745284557,
    0.008467085435986519,
    0.00827696269378066,
    0.009379773400723934,
    0.010131588503718376,
    0.008252254072576761,
    0.011807364746928214,
    0.009307882003486156,
    0.009476264603435994,
    0.00854822650551796,
    0.008814662806689738,
    0.010215910412371158,
    0.007623890526592732,
    0.007971402015537024,
    0.007995797004550696,
    0.00768572062253952,
    0.007710065990686417,
    0.00825755823403597,
    0.00790074236690998,
    0.007813741490244865,
    0.007634860593825578,
    0.008090316653251647,
    0.007737211938947439,
    0.007824036721140147
  ],
  "valid_psnr": [
    24.0905983543396,
    26.898620834350584,
    28.30221284866333,
    28.858793792724608,
    29.713795833587646,
    31.042034339904784,
    31.32448402404785,
    31.8046817779541,
    31.734083557128905,
    32.32732521057129,
    32.39503625869751,
    33.0894504737854,
    33.12270975112915,
    32.9681838798523,
    33.04820909500122,
    33.3645076751709,
    33.57920087814331,
    33.943096237182615,
    34.01191631317138,
    34.15929290771484,
    32.9357160949707,
    34.24600772857666,
    34.42706487655639,
    34.55165250778198,
    33.81869915008545,
    33.99070247650147,
    34.6185835647583,
    34.640314712524415,
    33.34824464797973,
    34.47844078063965,
    34.401679553985595,
    33.921869945526126,
    34.60061092376709,
    34.79738889694214,
    34.74943496704102,
    35.08226831436157,
    34.540055980682375,
    34.526925296783446,
    35.05594362258911,
    34.299407634735104,
    34.62214557647705,
    34.88679649353028,
    34.12027875900269,
    35.16292018890381,
    34.82356773376465,
    35.138833370208744,
    35.25502319335938,
    34.850016326904296,
    34.433001022338864,
    34.84072257995606,
    35.019240875244144,
    35.16168195724487,
    34.86577964782715,
    34.777707710266114,
    34.8072515296936,
    35.18906494140625,
    35.04182188034058,
    34.57042268753052,
    34.86271415710449,
    34.654526233673096,
    35.065624980926515,
    35.22800142288208,
    34.80608491897583,
    34.77407222747803,
    34.486448783874515,
    33.455864334106444,
    35.28656900405884,
    34.58120834350586,
    35.28835542678833,
    35.27634197235108,
    34.38386438369751,
    35.28711381912231,
    34.150028953552244,
    35.34331590652466,
    34.83461940765381,
    35.211500797271725,
    35.312993640899656,
    35.1631650352478,
    35.20537469863891,
    34.793611240386966,
    34.775400733947755,
    35.21213563919068,
    34.12973432540893,
    34.83965175628662,
    34.93145597457886,
    35.20854587554932,
    35.028828945159916,
    34.73839708328247,
    35.59152193069458,
    35.47277618408203,
    35.46269626617432,
    35.591505432128905,
    35.547090721130374,
    35.40964420318603,
    35.47338548660278,
    35.488621425628665,
    35.555143718719485,
    35.45244789123535,
    35.51698108673096,
    35.51477203369141
  ]
}