{
  "noise_type": "raw",
  "noise_param": 0.7,
  "train_loss": [
    0.02521829987979091,
    0.023649998093486103,
    0.02345850444413182,
    0.022962482371383992,
    0.02333233121315983,
    0.02294768361630568,
    0.02293872453395889,
    0.023042944439573675,
    0.022824176187696457,
    0.022812050312641354,
    0.02282832871703733
  ],
  "valid_loss": [
    0.02036892883926121,
    0.020447703973316144,
    0.020450082889238993,
    0.020100062468737804,
    0.020169937221162344,
    0.020091342303079004,
    0.020896663559809327,
    0.020889809928307464,
    0.02018495463471781,
    0.020824871550231366,
    0.020449354459444978
  ],
  "valid_psnr": [
    18.550269674626747,
    18.472257074745894,
    18.47398899489313,
    18.736736439919365,
    18.889751783641785,
    18.81100855587093,
    18.27802628802555,
    18.28253582950022,
    18.672178441562227,
    18.30944256652978,
    18.516343206688145
  ]
}