{
  "noise_type": "raw",
  "noise_param": 0.7,
  "train_loss": [
    0.0,
    0.0,
    0.0,
    0.0,
    0.0,
    0.0,
    0.0,
    0.0,
    0.0,
    0.0,
    0.0,
    0.0,
    0.0,
    0.0,
    0.0,
    0.0,
    0.0,
    0.0,
    0.0,
    0.0,
    0.0,
    0.0,
    0.0,
    0.0,
    0.0,
    0.0,
    0.0,
    0.0,
    0.0,
    0.0,
    0.0,
    0.0,
    0.0,
    0.0,
    0.0,
    0.0,
    0.0,
    0.0,
    0.0,
    0.0,
    0.0,
    0.0,
    0.0,
    0.0,
    0.0,
    0.0,
    0.0,
    0.0,
    0.0,
    0.0,
    0.0,
    0.0,
    0.0,
    0.0,
    0.0,
    0.0,
    0.0,
    0.0,
    0.0,
    0.0,
    0.0,
    0.0,
    0.0,
    0.0,
    0.0,
    0.0,
    0.0,
    0.0,
    0.0,
    0.0,
    0.0,
    0.0,
    0.0,
    0.0,
    0.0,
    0.0,
    0.0,
    0.0,
    0.0,
    0.0,
    0.0,
    0.0,
    0.0,
    0.0,
    0.0,
    0.0,
    0.0,
    0.0,
    0.0,
    0.0,
    0.0,
    0.0,
    0.0,
    0.0,
    0.0,
    0.0,
    0.0,
    0.0,
    0.0,
    0.0
  ],
  "valid_loss": [
    0.03395212482040127,
    0.02808871155915161,
    0.02894323559788366,
    0.029854369582608342,
    0.028225592531574268,
    0.02910419679246843,
    0.028177857647339502,
    0.028127489138084154,
    0.028495050345857937,
    0.02825908192122976,
    0.028037674841471016,
    0.02823971079972883,
    0.028235508462724587,
    0.028076290207294127,
    0.028111236433809004,
    0.028553472459316255,
    0.028144791559316217,
    0.02803956507705152,
    0.028431091612825792,
    0.02857869096721212,
    0.028499291262899837,
    0.028374977052832644,
    0.026783636212348937,
    0.02674520682388296,
    0.026110689147996406,
    0.02525378131928543,
    0.025167424868171414,
    0.024943126939858,
    0.023429729230701923,
    0.023465294235696394,
    0.023914349273157616,
    0.020882835960946977,
    0.02020164563631018,
    0.02023993490729481,
    0.018544463790021837,
    0.017568003751027086,
    0.01660513683843116,
    0.016510170178177457,
    0.016178073012270033,
    0.016241963758754235,
    0.014871567064741005,
    0.014875207263200234,
    0.015362175228074194,
    0.014935758034698664,
    0.014335891309504708,
    0.012955043356244762,
    0.012754117193010946,
    0.013502970954868942,
    0.012253842320448408,
    0.016171649540774526,
    0.013492632176106174,
    0.012683747227614124,
    0.013901341380551458,
    0.013567077624611557,
    0.012619296500148872,
    0.012157390662468969,
    0.012148333988928546,
    0.012274213647469879,
    0.0128865972510539,
    0.012116708365889886,
    0.014646544024193039,
    0.012107997321678946,
    0.013581167056690902,
    0.011828179440150658,
    0.011626596155110747,
    0.011641007654058436,
    0.011198918567970395,
    0.012068749265745282,
    0.01120706182749321,
    0.010811628377996384,
    0.012227794667705894,
    0.011001037414340923,
    0.01190587878615285,
    0.012820974675317605,
    0.011666854583503057,
    0.011987643549218774,
    0.011355781679352124,
    0.011221943772397935,
    0.011049165316702176,
    0.010924269728517781,
    0.011852324086551866,
    0.01068707718513906,
    0.010541036969516426,
    0.011306147766299545,
    0.012030907258546601,
    0.011031818102734785,
    0.011445127291760096,
    0.010466885345522314,
    0.011355136854884524,
    0.010436629015021025,
    0.011613243243967493,
    0.010716189432423561,
    0.011704675329383463,
    0.01170757501386106,
    0.010214220006794979,
    0.010528345607842009,
    0.010566858532062422,
    0.011016326832274596,
    0.011189175998636832,
    0.011322478713312496
  ],
  "valid_psnr": [
    15.55505799651146,
    17.272555033365887,
    17.55149262944857,
    16.5007296025753,
    17.446502608060836,
    17.45765759150187,
    17.457284744580587,
    17.17283047835032,
    16.956156015396118,
    17.03371958931287,
    17.301665633916855,
    17.48265795111656,
    17.459659504890443,
    17.384770900011063,
    17.470074045658112,
    17.561939724286397,
    17.488433221975964,
    17.41076637307803,
    17.531760185956955,
    16.919365348418555,
    17.5486106355985,
    16.95842835903168,
    17.65504044095675,
    17.761065804958342,
    18.46332420905431,
    18.31527786652247,
    17.93437232375145,
    18.14204111893972,
    18.749148092667262,
    18.719345313310622,
    18.797835850715636,
    19.090392913420995,
    19.229712039232254,
    19.316842478513717,
    19.96782909830411,
    20.099029209216436,
    20.36955989599228,
    20.14340541760127,
    20.482110144694648,
    20.442107192675273,
    20.99072232047717,
    21.024230402708053,
    20.87360435525576,
    21.02414750655492,
    20.754116215308507,
    21.766896669069926,
    21.76335686047872,
    21.443129163980483,
    22.107854151725768,
    20.444219541549682,
    21.38029744227727,
    21.969174057245255,
    21.448626754681268,
    21.51019556125005,
    22.073206621408463,
    22.28316952586174,
    22.21314103603363,
    22.199170074860255,
    21.996292477846147,
    22.02088202039401,
    21.520136827230452,
    22.07160192926725,
    21.634962079922357,
    22.452482517560323,
    22.26656497915586,
    22.496616965532304,
    22.41353257695834,
    22.171968346834184,
    22.497069611152014,
    22.639907203118007,
    22.026554910341897,
    22.581809983650842,
    22.105943860610328,
    21.919476372003555,
    22.278204983472826,
    21.93971618215243,
    22.630886671940484,
    22.61424901286761,
    22.583133457104363,
    22.750276406606037,
    22.123935586214067,
    22.750698163112006,
    22.789395411809284,
    22.69128981232643,
    22.212688428163528,
    22.854184977213542,
    22.338712374369305,
    22.74852292339007,
    22.662765959898632,
    22.994293240706124,
    22.473107224702837,
    22.607330286502837,
    22.457334027687708,
    22.253847310940426,
    22.959412183364233,
    22.693885455528896,
    22.39199406305949,
    22.57365087866783,
    22.612117083867393,
    22.67322518626849
  ]
}