{
  "noise_type": "raw",
  "noise_param": 0.7,
  "train_loss": [
    0.0,
    0.0,
    0.0,
    0.0,
    0.0,
    0.0,
    0.0,
    0.0,
    0.0,
    0.0,
    0.0,
    0.0,
    0.0,
    0.0,
    0.0,
    0.0,
    0.0,
    0.0,
    0.0,
    0.0,
    0.0,
    0.0,
    0.0,
    0.0,
    0.0,
    0.0,
    0.0,
    0.0,
    0.0,
    0.0,
    0.0,
    0.0,
    0.0,
    0.0,
    0.0,
    0.0,
    0.0,
    0.0,
    0.0,
    0.0,
    0.0,
    0.0,
    0.0,
    0.0,
    0.0,
    0.0,
    0.0,
    0.0,
    0.0,
    0.0,
    0.0,
    0.0,
    0.0,
    0.0,
    0.0,
    0.0,
    0.0,
    0.0,
    0.0,
    0.0,
    0.0,
    0.0,
    0.0,
    0.0,
    0.0,
    0.0,
    0.0,
    0.0,
    0.0,
    0.0,
    0.0,
    0.0,
    0.0,
    0.0,
    0.0,
    0.0,
    0.0,
    0.0,
    0.0,
    0.0,
    0.0,
    0.0,
    0.0,
    0.0,
    0.0,
    0.0,
    0.0,
    0.0,
    0.0,
    0.0,
    0.0,
    0.0,
    0.0,
    0.0,
    0.0,
    0.0,
    0.0,
    0.0,
    0.0,
    0.0
  ],
  "valid_loss": [
    0.0209017537922288,
    0.020801011961884795,
    0.020807928289286792,
    0.02038986744203915,
    0.020103819652770957,
    0.02027684561908245,
    0.020213603872495392,
    0.020444124021256962,
    0.0204460320295766,
    0.020160376862622797,
    0.02046529351112743,
    0.020643917727284133,
    0.020497523434460162,
    0.020139648788608612,
    0.02035765117034316,
    0.021302916086278857,
    0.020913316464672486,
    0.020714454034653804,
    0.0209082026189814,
    0.020530239686680336,
    0.02039507668620596,
    0.020198481304881475,
    0.020439958098965386,
    0.02047436471718053,
    0.020607563263426224,
    0.020319879660382865,
    0.020914006310825548,
    0.02044101555366069,
    0.02020155848780026,
    0.021141185727901756,
    0.02041184828461458,
    0.020445708433787027,
    0.020291076127129295,
    0.02068416210046659,
    0.020326939946971833,
    0.020269014306056002,
    0.020040781935676932,
    0.02044281136865417,
    0.020027546553562085,
    0.018268087265702584,
    0.016999209858477117,
    0.016064277019662163,
    0.013742355552191535,
    0.013664358768922587,
    0.012572235625702888,
    0.010497477371245623,
    0.009158634732011705,
    0.01011799342619876,
    0.009686538095896443,
    0.011642563769904276,
    0.00865799046587199,
    0.007886521646287292,
    0.013771644234657288,
    0.007860800980900725,
    0.007566691077469537,
    0.008080328026941667,
    0.007447144400794059,
    0.007478078020115694,
    0.00753939263910676,
    0.008945173909887671,
    0.007508964277803898,
    0.007067492010537535,
    0.007218022601834188,
    0.007138751313323155,
    0.007055609149392694,
    0.006977775262203068,
    0.006796611678631355,
    0.006837320766256501,
    0.0070620170406376324,
    0.0072569976095110175,
    0.007379319736113151,
    0.007939903884350012,
    0.00672701090030993,
    0.0074882095563225445,
    0.006618484249338507,
    0.007246498255214343,
    0.006671120789057265,
    0.009031523911592862,
    0.008195818692911416,
    0.006960487163936099,
    0.008457132444406549,
    0.00717286914975072,
    0.007906262134201824,
    0.006684984569437802,
    0.006767794070765376,
    0.006757678161375224,
    0.007162381328331927,
    0.0072680142261864,
    0.008202512100494157,
    0.0077686013867302485,
    0.007745126665880283,
    0.007198566341927896,
    0.008342217130120844,
    0.007501175316671531,
    0.009179701458197086,
    0.006562726176343858,
    0.007821896905079484,
    0.007100326610573878,
    0.006446553223455945,
    0.006332556166065236
  ],
  "valid_psnr": [
    18.844567006826402,
    18.299884752432504,
    18.303972844282786,
    18.508456818262736,
    18.74636848171552,
    18.870420769850412,
    18.647187860806785,
    18.505030200878778,
    18.52418117324511,
    18.801309231917063,
    18.51757872303327,
    18.41291311979294,
    18.485367182890574,
    18.77709090511004,
    18.579682860771815,
    18.141571168104807,
    18.300694505373638,
    18.390361396471658,
    18.29602417945862,
    18.483730898300806,
    18.571889799833297,
    18.791366215546926,
    18.54778420130412,
    18.52725414435069,
    18.45169528722763,
    18.62110019524892,
    18.300541444619498,
    18.543662428855896,
    18.71242925922076,
    18.204705011844634,
    18.564678992827734,
    18.534343210856118,
    18.63802599509557,
    18.383691223462424,
    18.603190179665884,
    18.65358421007792,
    18.807684844732286,
    18.427353847026826,
    18.43857119480769,
    19.252477222681044,
    19.577130583922067,
    19.71514949798584,
    20.615908193588258,
    21.061812857786816,
    20.74998987118403,
    21.481645758946737,
    21.955763006210326,
    21.26724379460017,
    21.732554660240808,
    21.351524968942005,
    22.197462073961894,
    22.83573981722196,
    21.021716533104577,
    22.735041576623917,
    22.858747088909148,
    22.54563508431117,
    22.91785600185394,
    22.96587322552999,
    22.877112221717834,
    21.885644328594207,
    23.220592379570007,
    23.165208085378012,
    23.10309901634852,
    23.17495162288348,
    23.399110142389933,
    23.26955330769221,
    23.436911936601003,
    23.505903160572053,
    23.22092978556951,
    23.067823867003124,
    23.016786181926726,
    22.64744102160136,
    23.722080012162525,
    22.9023508310318,
    23.70100798209508,
    23.175174870093663,
    23.52589674393336,
    23.130452752113342,
    22.787247612078986,
    23.451276222864788,
    22.96468966404597,
    23.364785220225652,
    23.362222731113434,
    23.712722074985503,
    23.651128296057383,
    23.66567820707957,
    23.990105744202932,
    23.65020201007525,
    23.02457500298818,
    23.58288325468699,
    23.6825337211291,
    23.97212336063385,
    23.428198424975076,
    23.82337703506152,
    23.070276725292207,
    24.23024602929751,
    22.44570631980896,
    24.27489078640938,
    23.94548947016398,
    24.475613550345102
  ]
}