{
  "noise_type": "lower",
  "noise_param": 0.25,
  "train_loss": [
    0.0,
    0.0,
    0.0,
    0.0,
    0.0,
    0.0,
    0.0,
    0.0,
    0.0,
    0.0,
    0.0,
    0.0,
    0.0,
    0.0,
    0.0,
    0.0,
    0.0,
    0.0,
    0.0,
    0.0,
    0.0,
    0.0,
    0.0,
    0.0,
    0.0,
    0.0,
    0.0,
    0.0,
    0.0,
    0.0,
    0.0,
    0.0,
    0.0,
    0.0,
    0.0,
    0.0,
    0.0,
    0.0,
    0.0,
    0.0,
    0.0,
    0.0,
    0.0,
    0.0,
    0.0,
    0.0,
    0.0,
    0.0,
    0.0,
    0.0,
    0.0,
    0.0,
    0.0,
    0.0,
    0.0,
    0.0,
    0.0,
    0.0,
    0.0,
    0.0,
    0.0,
    0.0,
    0.0,
    0.0,
    0.0,
    0.0,
    0.0,
    0.0,
    0.0,
    0.0,
    0.0,
    0.0,
    0.0,
    0.0,
    0.0,
    0.0,
    0.0,
    0.0,
    0.0,
    0.0,
    0.0,
    0.0,
    0.0,
    0.0,
    0.0,
    0.0,
    0.0,
    0.0,
    0.0,
    0.0,
    0.0,
    0.0,
    0.0,
    0.0,
    0.0,
    0.0,
    0.0,
    0.0,
    0.0,
    0.0
  ],
  "valid_loss": [
    0.0007737439591437578,
    0.0006037822737804769,
    0.0005566245192312636,
    0.0005442333674485174,
    0.0005472401387426847,
    0.0005166012446958727,
    0.0004870388203319938,
    0.0004808065486334575,
    0.0005348589312537418,
    0.0004680913327320013,
    0.0005399372729395206,
    0.00046233721999063465,
    0.0004517775101703592,
    0.0004449638428923208,
    0.0004631771724234568,
    0.00043759122466629683,
    0.0004601367908132185,
    0.00043496552886305534,
    0.0005874478178157005,
    0.0004399598864741468,
    0.00044557758374139664,
    0.0004357711631503965,
    0.00043501969654850353,
    0.00043179093869791056,
    0.0004431498086584421,
    0.0004548335671036815,
    0.00043342152930563315,
    0.00042879525086997696,
    0.0004388068095674195,
    0.0005007252373616211,
    0.00044117348043073437,
    0.0004325947290150604,
    0.000432576157618314,
    0.0004486377560776115,
    0.00043830881016522955,
    0.0004384522950810303,
    0.00043468141605747707,
    0.00045205305408065516,
    0.0004326892538908093,
    0.0004322930579898336,
    0.0004312953627959359,
    0.00043410642635232456,
    0.0004401383012009319,
    0.00043383923184592277,
    0.0004298847163833367,
    0.000442565708605495,
    0.0004433621620895186,
    0.00043828518064401576,
    0.0004361104535443398,
    0.0004382322303475424,
    0.0004438160112234376,
    0.0004445506691505822,
    0.0004410656102360614,
    0.0004420846215604494,
    0.0004348862355982419,
    0.00044263903194708597,
    0.0004388578477422319,
    0.00043947568689569987,
    0.00043954775367941086,
    0.00044218429320608266,
    0.0004434271043767997,
    0.00044284332301079606,
    0.0004416211365120641,
    0.0004429727222789855,
    0.0004438877128753423,
    0.0004460174357518554,
    0.0004452891184579736,
    0.00044854998607964564,
    0.0004493645205608724,
    0.0004475317885711168,
    0.0004520606868027244,
    0.00044588710419096365,
    0.0004490215048766307,
    0.00045966554098413325,
    0.0004628048229884977,
    0.00045339930923849657,
    0.00045360127102564245,
    0.0004529922065557912,
    0.0004534265511513998,
    0.00045382228151235416,
    0.0004589086202031467,
    0.0004531242308682219,
    0.0004603451265817663,
    0.0004564570030197501,
    0.00045878295046956435,
    0.0004625405900393768,
    0.0004575088593507341,
    0.00046215079855755904,
    0.00046309123257136283,
    0.0004623092715822471,
    0.0004657842621478873,
    0.0004661751035503888,
    0.0004666389954460707,
    0.00046356778996899567,
    0.00046891952357934014,
    0.00046822236993951567,
    0.000471741833583413,
    0.00046885896675424497,
    0.00047090747393667697,
    0.00046801001493198174
  ],
  "valid_psnr": [
    32.51948041121165,
    33.79640417098999,
    34.248745544751486,
    34.40555322964986,
    34.35821604728699,
    34.71717489560445,
    34.99469219048818,
    35.095914443333946,
    34.43474238713582,
    35.350301059087116,
    34.564106448491415,
    35.400661794344586,
    35.58636132876078,
    35.66863902409872,
    35.420633204778035,
    35.78833786646525,
    35.499199732144675,
    35.831263478597,
    34.075620929400124,
    35.76775751113892,
    35.68908137480418,
    35.83253064950307,
    35.8248343706131,
    35.89483640988668,
    35.75549732049306,
    35.55925993124644,
    35.86912773450216,
    35.93524702390035,
    35.79162174860637,
    35.01953894297282,
    35.775087690353395,
    35.88064471880595,
    35.919017656644186,
    35.63316886425018,
    35.853750149408974,
    35.79604852994283,
    35.872100512186684,
    35.644393873214725,
    35.94478762149811,
    35.950959706306456,
    35.94640735785166,
    35.90376257101695,
    35.821031204859416,
    35.9256383339564,
    35.9783789396286,
    35.814138142267865,
    35.820791904131575,
    35.873257064819335,
    35.93543608983358,
    35.90719894568125,
    35.82890650431315,
    35.843912076950076,
    35.81577956676483,
    35.84703470071157,
    35.99670784473419,
    35.8478679895401,
    35.95616989135742,
    35.96479498545329,
    35.962260182698564,
    35.951912291844685,
    35.95418172677358,
    35.95835574467977,
    35.97439577579498,
    35.95321501890818,
    35.953299554189044,
    35.9298832098643,
    35.94485642115275,
    35.86710789203644,
    35.908036947250366,
    35.937541246414185,
    35.87280309200287,
    35.928206419944765,
    35.91064893404643,
    35.74785336653392,
    35.67419791221619,
    35.85675659974416,
    35.89060166676839,
    35.90596354007721,
    35.87155378659566,
    35.87161324818929,
    35.849931772549944,
    35.9163318157196,
    35.82520589828491,
    35.88345667521159,
    35.863244930903114,
    35.84438335895538,
    35.88671618302663,
    35.855456574757895,
    35.84520874818166,
    35.85595998764038,
    35.80791351000468,
    35.8273713906606,
    35.819385981559755,
    35.83640987078349,
    35.81074012120565,
    35.808872771263125,
    35.79358324209849,
    35.794819847742716,
    35.78969752788544,
    35.81989999612173
  ]
}