{
  "noise_type": "lower",
  "noise_param": 0.4,
  "train_loss": [
    0.004247711938655302,
    7.573338574619433e-05,
    7.730498879655453e-05,
    7.116255472876074e-05,
    7.596084365859081e-05,
    7.761324066074699e-05,
    5.892416190180984e-05,
    5.8296826230588435e-05,
    5.4287106389214947e-05,
    4.634653402199296e-05,
    5.26611453882333e-05,
    4.856536409899326e-05,
    4.48729866064539e-05,
    4.175663339645418e-05,
    4.092280729104101e-05,
    4.071801328514939e-05,
    4.12630388385142e-05,
    3.973883906338548e-05,
    3.8254985819538865e-05,
    3.7011814674199576e-05,
    4.0891309733269596e-05
  ],
  "valid_loss": [
    4.5919190159694386e-05,
    6.021527758173554e-05,
    0.00012197947239687232,
    4.03007115081153e-05,
    4.724728883636515e-05,
    0.0002514599074366122,
    0.00012063456571499764,
    3.131751071174485e-05,
    3.5942776098129884e-05,
    0.0001310880348846713,
    2.9553264229592765e-05,
    4.627673928901396e-05,
    2.5321832510340616e-05,
    2.6227935486980247e-05,
    2.6016976378937397e-05,
    2.4480676833346682e-05,
    2.7215813512181274e-05,
    3.269930008695027e-05,
    2.2707255047706436e-05,
    3.7090421668534886e-05,
    2.208651487830426e-05
  ],
  "valid_psnr": [
    45.87651251032866,
    43.56100196806189,
    39.64709727496587,
    46.364299921698965,
    45.44521119318965,
    36.293355780604635,
    39.5152103791141,
    47.442458528870695,
    46.04048503819492,
    39.09055154451274,
    47.35547575998766,
    44.266789950137,
    48.33758192855924,
    47.917686769322465,
    48.07681375617509,
    48.480908852272016,
    47.44259725379256,
    46.122002013443236,
    48.97038738187287,
    45.357521193247976,
    49.0797275095783
  ]
}