{
  "noise_type": "bernoulli",
  "noise_param": 0.4,
  "train_loss": [
    0.10178795229090373,
    0.004196061928017413,
    0.002917933390177998,
    0.0025213444264823325,
    0.0020137135972473187,
    0.002168859140400143,
    0.0014396779342956826,
    0.0014004201127672219,
    0.0012653029482735485,
    0.0011756982766295966,
    0.0010981358744371992,
    0.0010362679552457438,
    0.0010113171876443428,
    0.0009137837603822298,
    0.0008406663657347942,
    0.0008809855602798446,
    0.0007792342323801505,
    0.0007911010208591742,
    0.0007517038057053661,
    0.0006984625092122599,
    0.000623807351762421,
    0.0006300515285239829,
    0.0006547642052791316,
    0.0005629925287297482,
    0.0005655285494215913,
    0.0005302305351512991,
    0.0005328037776311261,
    0.0005477811378467131,
    0.0005336916216591332,
    0.0004966369148518819,
    0.00047418186811238325,
    0.0005142920230823748,
    0.000487457295455585,
    0.00045874867558404745,
    0.0004659333446336762,
    0.0004731092234349104,
    0.00044767087525095223,
    0.0004935119054611731,
    0.0004337662142746928,
    0.0004369209931627129,
    0.0004350744294773925,
    0.0004501367549536068,
    0.0004278462514094024,
    0.0004330253228271465,
    0.00041194645423492783,
    0.00042178715726659825,
    0.00041539183394097214,
    0.0004046436001940627,
    0.0004297717778837355,
    0.0003929571954889964,
    0.00041894824693871567,
    0.00040481207229120536,
    0.00039209593695991424,
    0.000401222290466223,
    0.0003920466531333303,
    0.0003946094464954579,
    0.0003996942325678958,
    0.0003772239203430889,
    0.0004882112071233861,
    0.0003852350648260028,
    0.00037140563656542055,
    0.0004127865322550997,
    0.0003663615521667961,
    0.00038198813158715343,
    0.0003688081888426561,
    0.00036693609836062905,
    0.00036962249166687616,
    0.0003728394687838911,
    0.0003727700953987647,
    0.0003562619277419044,
    0.00036370610672587666,
    0.00036282718802038786,
    0.0003642142394811102,
    0.00036305360887118894,
    0.00036052279836172395,
    0.0003574025866348309,
    0.00036149655045962406,
    0.0003651920510607898,
    0.00034993115172932197,
    0.00035484797862715743,
    0.0003516108694059067,
    0.0004201029515384175,
    0.00033966432098433345,
    0.0003385766475638984,
    0.0003403182755370349,
    0.0003468233446458604,
    0.0003451931719271784,
    0.0003444653541892892,
    0.00034447481790337003,
    0.00034080576445191617,
    0.0003366478832763197,
    0.00033829107227954997,
    0.000344910159016413,
    0.0003403884208945313,
    0.0003344920369203489,
    0.00033155673959057357,
    0.0003369734001074538,
    0.0003346549162129255,
    0.0003312157226172191,
    0.0003326693895347151
  ],
  "valid_loss": [
    0.0056993832421735596,
    0.0032553242197655885,
    0.0026298373994668675,
    0.0021273714734717994,
    0.00170405807646429,
    0.0020692150455191233,
    0.001492730011984591,
    0.001177817596391077,
    0.001878250590190265,
    0.0010573558714301234,
    0.0010356811622759619,
    0.000888472346841374,
    0.0008790045681696465,
    0.0008989061458788958,
    0.0009583282071031163,
    0.0007254503035116934,
    0.0009104223551624471,
    0.0007176093616630904,
    0.0006467144382782486,
    0.000600799974217127,
    0.0006176131047172468,
    0.0006157927918434368,
    0.0005275481236373444,
    0.0005159434878314903,
    0.000539860406877877,
    0.0005829719803095489,
    0.0005199330381872047,
    0.0005196245624116301,
    0.0004772587946253193,
    0.0005702407321714327,
    0.0005480211534281024,
    0.00045425734122759713,
    0.00043947575709385884,
    0.0004670135646067506,
    0.0004435224596159658,
    0.0004384547454934738,
    0.0004574107223308649,
    0.0004965593552207478,
    0.00041790499568202655,
    0.0004323212990672308,
    0.00041344466488815545,
    0.000423541278789563,
    0.0006029350846894731,
    0.00046762202735772324,
    0.0004372148179721207,
    0.00041361296749252034,
    0.0004254601694222522,
    0.00042097832934823344,
    0.0004104710255102399,
    0.0004099243345051221,
    0.0005031386796474316,
    0.000403058642287996,
    0.0004094067318983991,
    0.0004003610154292572,
    0.0004548215846590597,
    0.0004405073079553299,
    0.00040374966935470384,
    0.00040666794807000514,
    0.0003932333352115698,
    0.0003938909142934252,
    0.0003977489547655639,
    0.0003947020583831667,
    0.00039284403842210723,
    0.00038722074117910504,
    0.0003866016446452456,
    0.0003950894349744544,
    0.00038139824839622874,
    0.00037832514134083795,
    0.0003845304486083759,
    0.0004510744475593013,
    0.00038160136243703294,
    0.00041940005588366646,
    0.000372497989342791,
    0.0003745051929477633,
    0.00041605256263355924,
    0.00039208641672916776,
    0.0003811725033004656,
    0.0005348886938613206,
    0.00038005128824071603,
    0.0003902015302656043,
    0.00040338353265883316,
    0.0004066446190830984,
    0.00037885470850057594,
    0.0003635580989903915,
    0.0003762074353932662,
    0.00037608926983403215,
    0.00039786505420810324,
    0.0003709187667822137,
    0.0003720204735309019,
    0.00037374017678760155,
    0.0004070689062834742,
    0.0004862932446534017,
    0.00039416505660782534,
    0.0003738772555812916,
    0.0003745258109298311,
    0.0004601622379643214,
    0.0003711325826601549,
    0.0003711604356171992,
    0.0003977010700640781,
    0.0003708552929669219
  ],
  "valid_psnr": [
    22.59863593312219,
    25.150021339875668,
    26.13931973913665,
    27.114276999632974,
    28.127821900785396,
    27.16220809941706,
    28.658067976901343,
    29.78893327427044,
    27.451828891163064,
    30.251208414909808,
    30.273119160827655,
    31.133250039644956,
    31.09057503921349,
    30.900973158054782,
    30.57861616389417,
    32.02768078949381,
    30.76513989356349,
    31.984923498775963,
    32.499176900538885,
    32.84192862776465,
    32.6943863501282,
    32.65940212184101,
    33.51304500711857,
    33.613298927254895,
    33.31611446415313,
    32.88871212420863,
    33.474381389096706,
    33.441078812828884,
    33.984429195784145,
    32.96860141620235,
    33.11615323477273,
    34.25579625879459,
    34.38699226268893,
    34.02384321915189,
    34.30218982570519,
    34.34117166945969,
    34.08136284124136,
    33.72297886225846,
    34.58802843233336,
    34.37500298393159,
    34.67315806302894,
    34.52373119721613,
    32.57869327108769,
    33.9186336718885,
    34.28241899437729,
    34.653958305272276,
    34.480326529677505,
    34.52278875591449,
    34.74144732915982,
    34.73715435115608,
    33.5151326708589,
    34.86068252771255,
    34.68638877014967,
    34.77167336007465,
    34.070993523368685,
    34.18895070681773,
    34.75485992072311,
    34.74097031502705,
    34.87987718952766,
    34.930364111086575,
    34.77017729682095,
    34.86851545158602,
    34.85871095642555,
    34.9842115853318,
    35.023561732737996,
    34.83901019723219,
    35.09430457855357,
    35.07827943055078,
    35.07923502924674,
    34.08603350312352,
    35.06302916881586,
    34.44101125646207,
    35.19333920288986,
    35.119180714581674,
    34.47940272506467,
    34.83999393157026,
    35.0473792461784,
    33.11207695986483,
    35.18415045764482,
    34.95227364528539,
    34.716580142403366,
    34.72226559604731,
    35.13381652187613,
    35.33442928284757,
    35.174752221555174,
    35.18647622403407,
    34.77870234402134,
    35.26245626553832,
    35.26445997100214,
    35.194354345696134,
    34.633801027382006,
    33.639468089315685,
    34.806505500431506,
    35.13110213624733,
    35.196174112528944,
    33.95883867513492,
    35.251453550765554,
    35.17090430137122,
    34.76108327985811,
    35.27546737726031
  ]
}