{
  "noise_type": "raw",
  "noise_param": 0.7,
  "train_loss": [
    0.0,
    0.0,
    0.0,
    0.0,
    0.0,
    0.0,
    0.0,
    0.0,
    0.0,
    0.0,
    0.0,
    0.0,
    0.0,
    0.0,
    0.0,
    0.0,
    0.0,
    0.0,
    0.0,
    0.0,
    0.0,
    0.0,
    0.0,
    0.0,
    0.0,
    0.0,
    0.0,
    0.0,
    0.0,
    0.0,
    0.0,
    0.0,
    0.0,
    0.0,
    0.0,
    0.0,
    0.0,
    0.0,
    0.0,
    0.0,
    0.0,
    0.0,
    0.0,
    0.0,
    0.0,
    0.0,
    0.0,
    0.0,
    0.0,
    0.0,
    0.0,
    0.0,
    0.0,
    0.0,
    0.0,
    0.0,
    0.0,
    0.0,
    0.0,
    0.0,
    0.0,
    0.0,
    0.0,
    0.0,
    0.0,
    0.0,
    0.0,
    0.0,
    0.0,
    0.0,
    0.0,
    0.0,
    0.0,
    0.0,
    0.0,
    0.0,
    0.0,
    0.0,
    0.0,
    0.0,
    0.0,
    0.0,
    0.0,
    0.0,
    0.0,
    0.0,
    0.0,
    0.0,
    0.0,
    0.0,
    0.0,
    0.0,
    0.0,
    0.0,
    0.0,
    0.0,
    0.0,
    0.0,
    0.0,
    0.0
  ],
  "valid_loss": [
    0.022061352524906395,
    0.02087705583932499,
    0.020231440182154378,
    0.018444531659285227,
    0.019649237828950086,
    0.010520283932176728,
    0.013419983613615235,
    0.010059285881773879,
    0.008456982990416388,
    0.008260608134636034,
    0.008977425059614082,
    0.0075046252730923396,
    0.009873940015677363,
    0.006313487431422497,
    0.005611011374276132,
    0.005731551655723403,
    0.005415273531495283,
    0.004876571144753446,
    0.0044924906163942065,
    0.004198001431844508,
    0.0042492948899356025,
    0.003931619601401811,
    0.0037419552778980383,
    0.0037118671326121936,
    0.004309753338263059,
    0.005250138645836463,
    0.0036841037372748056,
    0.003752033794686819,
    0.003654243676767995,
    0.0037519337066138784,
    0.003140248645407458,
    0.0035079984498831134,
    0.002885857226404672,
    0.003801914215243111,
    0.0031751625026421,
    0.005684562343716001,
    0.0030761707884569963,
    0.004641216591699049,
    0.0028482084269247326,
    0.003988871903857216,
    0.0030469903043316058,
    0.002408239366680694,
    0.0026560179035489758,
    0.002429852583251583,
    0.003089913937340801,
    0.003148641132672007,
    0.00226306757152391,
    0.002617334870349926,
    0.0039305969005605824,
    0.00227236095815897,
    0.0024233119630177194,
    0.003096468102497359,
    0.002872741585209345,
    0.002707408858501973,
    0.0025189454541153585,
    0.0035377639539850253,
    0.003376882494194433,
    0.0023995651203828554,
    0.002092609789300089,
    0.003002353882766329,
    0.0043918452613676585,
    0.0018965155381010846,
    0.002718788270916169,
    0.0026676486042561008,
    0.0020966802956536414,
    0.002279131757677533,
    0.006347229810974871,
    0.002244570354620616,
    0.002906383446922215,
    0.0019974374134714406,
    0.0021382156905019657,
    0.00289613061856168,
    0.0030185630748746917,
    0.002855937654385343,
    0.003250838593036557,
    0.0024706724148321276,
    0.0017191672949896505,
    0.0020428325078682974,
    0.0033647368885188675,
    0.00169657769438345,
    0.002026925887912512,
    0.0017659312948429336,
    0.0025745756099543843,
    0.001817685014490659,
    0.001893869898049161,
    0.0020203901454806327,
    0.002607691080387061,
    0.0031820166691128786,
    0.0031402273840891817,
    0.0018956751999212428,
    0.002033093143836595,
    0.0022581542890596513,
    0.0020697641099104657,
    0.002585470460083646,
    0.002258882375705677,
    0.0017538673729480556,
    0.002167318957314516,
    0.0021292560568933064,
    0.0021769820673701664,
    0.001868891417204092
  ],
  "valid_psnr": [
    17.61693928639094,
    18.08051368792852,
    19.23316637078921,
    20.09699695309003,
    18.22040787935257,
    20.935488041241964,
    21.181057008107505,
    22.32425224383672,
    22.378253507614136,
    22.442649283011754,
    23.025904893875122,
    23.70533032019933,
    22.605647206306458,
    24.07805495262146,
    24.886980442206063,
    24.27609100739161,
    24.850629941622415,
    24.851166411240897,
    25.68766384124756,
    25.83697637716929,
    25.193847823143006,
    25.85422756274541,
    25.715711164474488,
    26.252762655417126,
    25.39714539051056,
    25.318853863080342,
    25.786456696192424,
    25.946709847450258,
    26.198748501141868,
    26.333074430624645,
    27.128102068106333,
    26.71251513957977,
    26.926152177651723,
    26.254240838686624,
    26.378458857536316,
    25.15282562573751,
    27.230074016253152,
    25.575378290812175,
    27.480804626146952,
    25.8491237282753,
    27.210541609923045,
    27.987360433737436,
    27.64984324773153,
    28.03729740381241,
    27.29960108200709,
    26.954613455136617,
    28.483155433336893,
    27.97012677590052,
    26.236061640580495,
    28.191801611582438,
    28.38729509909948,
    27.719605322678884,
    27.487675281365714,
    28.000557764371237,
    28.344968946774802,
    26.688834857940673,
    26.801878090699514,
    27.84328019618988,
    28.734229759375253,
    27.60755692323049,
    25.968202404181163,
    29.005859843889873,
    27.66554139852524,
    27.993317675590514,
    29.209716773033144,
    28.37629380226135,
    24.695614769061407,
    28.896772734324138,
    27.573907979329427,
    29.070187179247537,
    29.00376352071762,
    28.091329125563302,
    27.71551494995753,
    27.09630295038223,
    26.29824246962865,
    28.42356554667155,
    29.636426810423533,
    29.503206062316895,
    27.425184667110443,
    29.814149061838787,
    29.23209443887075,
    29.29340488910675,
    28.13611208597819,
    29.450184953212737,
    29.78079330921173,
    29.282110675175986,
    27.71191020409266,
    27.691012418270113,
    27.21667332649231,
    29.4643794298172,
    29.344039316972097,
    28.943357423941293,
    29.178882932662965,
    27.996703147888184,
    28.217556269963584,
    29.676538014411925,
    28.751962220668794,
    28.68081573645274,
    29.21613158782323,
    29.63598772684733
  ]
}