{
  "noise_type": "raw",
  "noise_param": 0.4,
  "train_loss": [
    0.06286627281144323,
    0.019175509380754057,
    0.013232291861029045,
    0.011825785152201753,
    0.011269059214109407,
    0.00900340820595506,
    0.008162465615400957,
    0.0077374899287278595,
    0.007190160976076637,
    0.006650886465248263,
    0.006116487451803742,
    0.006099301150377906,
    0.0052409716965923095,
    0.006000900429090142,
    0.005476922740198138,
    0.0053584515865996545,
    0.005122916160126286,
    0.005081075719613068,
    0.005201706040468334,
    0.004906348526044189,
    0.0049976898995930325,
    0.004206266626011709,
    0.004278205271574674,
    0.004073006041390277,
    0.0049532502932160645,
    0.004005067896688795,
    0.004262460425674972,
    0.0042798311542090505,
    0.0041318392732325815
  ],
  "valid_loss": [
    0.021414242661781772,
    0.015976961921814182,
    0.011560774483668499,
    0.009413698217515153,
    0.008908939793859328,
    0.008494446674148835,
    0.009042501580322626,
    0.007796471249506501,
    0.008116109804241782,
    0.006161290378364488,
    0.00619682653393882,
    0.005878400910008894,
    0.004808078503443102,
    0.008013998381407627,
    0.008089058120846194,
    0.006130732812456566,
    0.005831122225195704,
    0.004801873532418759,
    0.00447586226587516,
    0.004458148451136383,
    0.004398130678381757,
    0.005108972774922332,
    0.003929963918539315,
    0.004437195353852247,
    0.0059574603034483085,
    0.0064133805395585625,
    0.0047527890055046726,
    0.005008366516885967,
    0.003853262307649511
  ],
  "valid_psnr": [
    17.4331837041669,
    19.011283970138,
    20.86020831136935,
    21.609474784347174,
    21.999177805123974,
    22.12337698759334,
    22.349062004368427,
    22.510111715883717,
    22.355078057086686,
    23.931655609944308,
    23.858713591698777,
    23.975247980133204,
    24.869710832366916,
    23.955879378495,
    23.825088886660147,
    24.84043452717165,
    23.920331424100052,
    25.477311370827223,
    25.37089970529752,
    25.48030866525191,
    25.837931096527733,
    25.402684912753063,
    26.197858485568474,
    26.01329255266229,
    24.679144766348635,
    24.26420710745123,
    25.58939434796842,
    25.077054277292824,
    26.27887322027104
  ]
}