{
  "noise_type": "bernoulli",
  "noise_param": 0.4,
  "train_loss": [
    0.0017598011465420295,
    0.0005561994924512517,
    0.0005578720753733918,
    0.0007471144548037401,
    0.0005544123302081009,
    0.0005862700583019428,
    0.0005504655254661122,
    0.0005600075301372751,
    0.0005279928622990203,
    0.0005462339551741897,
    0.0004849886933169677,
    0.0005031760010063065,
    0.0005080738093414555,
    0.0005050443347494367,
    0.0004767227727883197,
    0.000507658013334037,
    0.00048141352354832127,
    0.0004616855655420546,
    0.0004586090839181174,
    0.0005017749658865473,
    0.0004343356261351452,
    0.0004473383451209474,
    0.00044394050503715894,
    0.00047352425926537345,
    0.00041428862951532617,
    0.0004470790224802197,
    0.00042617959434289234,
    0.00044061961301582344,
    0.00041318736501263305,
    0.0004161320171155591,
    0.000415141579833138,
    0.0004158274742102498,
    0.0004188074745881655,
    0.0004073611531082027,
    0.000413106211587599,
    0.0003971342638677498,
    0.0004117669671090211,
    0.00040917388925940687,
    0.0004064714167399034,
    0.0003826215542134729,
    0.0004178622075490122,
    0.0003829426503475978,
    0.00041558826165145565,
    0.00037408659349557835,
    0.0003948387158238576,
    0.00037984462979257525,
    0.00038466423559600034,
    0.00037361546756519006,
    0.0003805140932697366,
    0.0003743639686278491,
    0.0003829814896532088,
    0.00035400747262608984,
    0.0003812791075471556,
    0.00036656269554879284,
    0.00036037979600401934,
    0.00036147229758504005,
    0.00036048305746896647,
    0.00036446265671303033,
    0.0004147228285577149,
    0.00034265149732307196,
    0.000354140155818564,
    0.0003697164498774997,
    0.00034962409951922943,
    0.00034938440443654513,
    0.0003535406181436572,
    0.00035096800093409184,
    0.0003640490561606419,
    0.0003415141566654208,
    0.000347988591735058,
    0.0003476758444747648,
    0.000347381946887221,
    0.00034934099298002905,
    0.0003369062425400025,
    0.00033728244241956035,
    0.0003420568910711023,
    0.00033236729141355884,
    0.00035249585013680793,
    0.0003229592094625056,
    0.000338291896480814,
    0.00032268232519594236,
    0.0003340676786474975,
    0.0003301455105264344,
    0.00032866230860133857,
    0.0003291475439415983,
    0.000327555601893283,
    0.00043945361442343685,
    0.00031712856073630745,
    0.0003127261962446811,
    0.0003254843626620107,
    0.0003066741885528247,
    0.00031945212531854836,
    0.00032407467677306493,
    0.000311383926554447,
    0.00031572136524995136,
    0.0003135602496335681,
    0.0003170222962684283,
    0.0003154712995279755,
    0.0003110294196763123,
    0.00031438507712129896,
    0.00030201300615203603
  ],
  "valid_loss": [
    0.000588093987671175,
    0.0005539430677873636,
    0.0005621134430073431,
    0.0005396846643871435,
    0.0005272102037181144,
    0.0005345469144764334,
    0.000533725721534415,
    0.0004983854173829971,
    0.0005258944154049528,
    0.0005691949398466489,
    0.0005337854143510815,
    0.0005079497519375548,
    0.00045990522560326977,
    0.0004708990724496084,
    0.0004852771118786772,
    0.0004521201608303237,
    0.0004646175159166182,
    0.0004382040694200746,
    0.0004703063936976213,
    0.0004644378965815933,
    0.00047063155562886947,
    0.00042869950256310663,
    0.00044732352835448425,
    0.0004300637185258285,
    0.00045076444665266856,
    0.0004386261089857318,
    0.00045982382981561525,
    0.00041352997413927987,
    0.00042806938869872235,
    0.00046124913410258044,
    0.00043945216519198044,
    0.000460941764381398,
    0.00040483908386888926,
    0.00042337435090177293,
    0.00040714267310265465,
    0.00042442622184039246,
    0.0004245830422802487,
    0.0004088279679145365,
    0.00042003884024054676,
    0.000404327318047487,
    0.000428393058321035,
    0.00039027627718358186,
    0.00040388581057175624,
    0.00039430181685977373,
    0.0004175020860325581,
    0.0003991563670382781,
    0.00047521392884601285,
    0.00043697432468714064,
    0.00039592177582893265,
    0.0004005984378594576,
    0.00039026321462929417,
    0.00041476001086884626,
    0.000410677727707052,
    0.0004061902225696302,
    0.0004068187889464071,
    0.00040638041305889706,
    0.0003935222945206991,
    0.0003827537265027919,
    0.0003961735430823322,
    0.0004029804628593401,
    0.0003868422823573904,
    0.0003940738489651956,
    0.000409342859112224,
    0.00040288923785606164,
    0.0003923420618278433,
    0.0003946997681640538,
    0.00039468427949831356,
    0.000409301845848156,
    0.0004454764355702937,
    0.0004023406929412083,
    0.00038864689898839277,
    0.0003764599262513357,
    0.00040152159935265687,
    0.00038440062378425176,
    0.00038286519155194843,
    0.000406612821800467,
    0.00044077441352529355,
    0.0003776756344469906,
    0.00041342067037963457,
    0.0003883604424329289,
    0.0004027181254960893,
    0.00039733656497565153,
    0.00042522927550849477,
    0.0004016393404138134,
    0.000384128566997541,
    0.0003997938359238413,
    0.00037823284972951667,
    0.0003753638445097478,
    0.0003768143776733067,
    0.00038517801128625336,
    0.0003824438929419744,
    0.0003783519983612326,
    0.00039764131744060794,
    0.000371967686540465,
    0.0003706849921472695,
    0.0003862329436954349,
    0.0003995346064483554,
    0.0004792920048705662,
    0.0003889444584376538,
    0.0003846404711977608
  ],
  "valid_psnr": [
    33.00561667404317,
    33.27964128060821,
    33.174599487069,
    33.46689562055534,
    33.49688230695784,
    33.445529128306475,
    33.39064808924182,
    33.73007737003383,
    33.5083554365808,
    33.00872601325745,
    33.33196842164549,
    33.59288363065387,
    34.13227206792756,
    33.997100660759315,
    33.82654991893909,
    34.22577433176534,
    34.111307156427564,
    34.42113673100794,
    33.96179967847817,
    34.03756525778793,
    33.98252483670464,
    34.433712721883815,
    34.179014511179076,
    34.47581659955358,
    34.188480290026746,
    34.30706198769846,
    34.083597232588424,
    34.65681390515575,
    34.45927888442894,
    34.05175797501472,
    34.22763649797013,
    33.99362567575397,
    34.71676843380265,
    34.478533022115705,
    34.729739444345434,
    34.44631906159739,
    34.527634968390316,
    34.73666753954176,
    34.52574349777587,
    34.77458689862465,
    34.4153471519383,
    35.00090221176905,
    34.75015274064983,
    34.82576724374345,
    34.58314773550715,
    34.86341604879187,
    33.75771072484869,
    34.393045805025615,
    34.84754813972413,
    34.77728384824441,
    34.900629268927865,
    34.6004473278707,
    34.63922456620997,
    34.676474031170294,
    34.634943429843965,
    34.74794022316493,
    34.940827223297305,
    35.06712378179285,
    34.975064002294324,
    34.71321937443965,
    35.042356774365956,
    34.87206176579153,
    34.668694574855515,
    34.74829974816096,
    34.94103017874782,
    34.977015338823556,
    34.91097476597814,
    34.595582096588686,
    34.143962120218085,
    34.93006630141223,
    35.01377317456685,
    35.16401695283689,
    34.78350480186692,
    35.01595851026312,
    35.09861578805348,
    34.745427413844055,
    34.24346423152152,
    35.124411661211056,
    34.559421952345,
    35.021562236752764,
    34.7833351039783,
    34.86658751887828,
    34.480698650359805,
    34.715996160580715,
    35.057219379753306,
    34.891557638791966,
    35.1515742098194,
    35.18647521701916,
    35.20312307202195,
    35.07379309774608,
    35.11786517669533,
    35.150213639071964,
    34.93989810735763,
    35.18616549076892,
    35.28285369702034,
    35.127790466014616,
    34.84868862256427,
    33.761824726705456,
    34.96079278824801,
    35.07802424836826
  ]
}