{
  "noise_type": "raw",
  "noise_param": 0.35,
  "train_loss": [
    0.056197449535474044,
    0.056745371231243534,
    0.055626017281745044,
    0.055844363797686355,
    0.05542967733474915,
    0.05568726319812537,
    0.055499970850891645,
    0.055597894453825805,
    0.05570628798122675,
    0.05512820829949148
  ],
  "valid_loss": [
    0.06145048865921448,
    0.05875536190815493,
    0.05421311674312433,
    0.051731621493124866,
    0.05186766231553282,
    0.05652759184460482,
    0.05168000863421306,
    0.05176135493676634,
    0.05399393338486836,
    0.051956002622804746
  ],
  "valid_psnr": [
    12.373342897890822,
    12.543542328567408,
    12.8613900570325,
    13.131680251198494,
    13.074525008610488,
    12.69281575224889,
    13.11730306239314,
    13.097295490896595,
    12.879184452229627,
    13.072156207297931
  ]
}