{
  "noise_type": "bernoulli",
  "noise_param": 0.4,
  "train_loss": [
    0.0,
    0.0,
    0.0,
    0.0,
    0.0,
    0.0,
    0.0,
    0.0,
    0.0,
    0.0,
    0.0,
    0.0,
    0.0,
    0.0,
    0.0,
    0.0,
    0.0,
    0.0,
    0.0,
    0.0,
    0.0,
    0.0,
    0.0,
    0.0,
    0.0,
    0.0,
    0.0,
    0.0,
    0.0,
    0.0,
    0.0,
    0.0,
    0.0,
    0.0,
    0.0,
    0.0,
    0.0,
    0.0,
    0.0,
    0.0,
    0.0,
    0.0,
    0.0,
    0.0,
    0.0,
    0.0,
    0.0,
    0.0,
    0.0,
    0.0,
    0.0,
    0.0,
    0.0,
    0.0,
    0.0,
    0.0,
    0.0,
    0.0,
    0.0,
    0.0,
    0.0,
    0.0,
    0.0,
    0.0,
    0.0,
    0.0,
    0.0,
    0.0,
    0.0,
    0.0,
    0.0,
    0.0,
    0.0,
    0.0,
    0.0,
    0.0,
    0.0,
    0.0,
    0.0,
    0.0,
    0.0,
    0.0,
    0.0,
    0.0,
    0.0,
    0.0,
    0.0,
    0.0,
    0.0,
    0.0,
    0.0,
    0.0,
    0.0,
    0.0,
    0.0,
    0.0,
    0.0,
    0.0,
    0.0,
    0.0
  ],
  "valid_loss": [
    0.010036404319107533,
    0.008244990445673466,
    0.004871273413300514,
    0.004359336141496897,
    0.0037245423160493373,
    0.003044578796252608,
    0.0028502993285655976,
    0.0025557958241552116,
    0.002315009580925107,
    0.002345600547268987,
    0.0024516372289508583,
    0.002003678190521896,
    0.0019690146343782546,
    0.0017452059173956513,
    0.0018930807476863266,
    0.00172209189273417,
    0.0017208042624406517,
    0.0015416630497202277,
    0.0017770523577928543,
    0.001479410424362868,
    0.0015652653248980641,
    0.001379779374692589,
    0.0014799685776233672,
    0.0013293860363774001,
    0.0014433530252426863,
    0.0013622103910893202,
    0.0012803142284974456,
    0.0011956361564807595,
    0.001296480381861329,
    0.001367654895875603,
    0.001199824381619692,
    0.0011341195343993603,
    0.0011903875041753055,
    0.0011827866500243546,
    0.0011284706508740783,
    0.0011082592606544495,
    0.001089900799561292,
    0.0011657796730287374,
    0.0010876596416346728,
    0.0012166380672715604,
    0.0010592129733413458,
    0.0010876271734014153,
    0.0010945790773257613,
    0.0010396401002071799,
    0.0010437232861295342,
    0.0010777750005945563,
    0.0010147782030981035,
    0.0010138534335419535,
    0.0010076776088681072,
    0.0010151513083837926,
    0.001081066452898085,
    0.0010036650579422711,
    0.0009883301076479257,
    0.001164671399164945,
    0.0009836655552498995,
    0.0009820528945419938,
    0.0011132328188978135,
    0.0009917431650683284,
    0.0009678417048417032,
    0.000988705406198278,
    0.0009491204144433141,
    0.0009684842452406884,
    0.0009619861771352589,
    0.0009829357312992216,
    0.0009662407939322293,
    0.0009601385472342372,
    0.0009827876510098577,
    0.0009472308191470802,
    0.0009771560633089393,
    0.0009780839434824884,
    0.0009573612187523395,
    0.000979420472867787,
    0.0010432590055279433,
    0.0009278127469588071,
    0.0009001638682093471,
    0.0010256086615845561,
    0.0009050174592994154,
    0.00093043522676453,
    0.0009772761235944927,
    0.0008915063994936645,
    0.0009527785680256784,
    0.0009422223037108779,
    0.000924248817609623,
    0.0009005042270291597,
    0.0009100899705663324,
    0.0009692625957541168,
    0.0008945510792545974,
    0.0010425814264453947,
    0.0009252559463493526,
    0.0009266294783446938,
    0.0009047376946546137,
    0.0009680204303003847,
    0.0009239316801540554,
    0.0009080361342057586,
    0.0009400094673037529,
    0.0009239771671127528,
    0.0008890307391993702,
    0.0009029718721285463,
    0.0009960173396393658,
    0.0009197580651380122
  ],
  "valid_psnr": [
    20.037799339294434,
    20.902409934997557,
    23.2382151222229,
    23.715456867218016,
    24.38127799987793,
    25.27208101272583,
    25.582299156188967,
    26.06502405166626,
    26.530260543823243,
    26.461211795806886,
    26.249689655303953,
    27.206340808868408,
    27.285578975677492,
    27.81931314468384,
    27.410462493896485,
    27.916787033081054,
    27.898483295440673,
    28.41208293914795,
    27.681273670196532,
    28.563999118804933,
    28.30533779144287,
    28.988342037200926,
    28.6125012588501,
    29.052151947021486,
    28.736233463287352,
    28.935553607940673,
    29.288060245513915,
    29.597263088226317,
    29.20089967727661,
    28.91625207901001,
    29.652556247711182,
    29.867836284637452,
    29.651073837280272,
    29.767953186035157,
    29.92631134033203,
    29.983653507232667,
    30.062238731384276,
    29.734175453186037,
    30.068410568237304,
    29.467699890136718,
    30.178025722503662,
    30.08143060684204,
    30.047347736358642,
    30.211519050598145,
    30.355610733032226,
    30.17751947402954,
    30.4049015045166,
    30.412636756896973,
    30.446903934478758,
    30.405036296844482,
    30.057018871307374,
    30.51082099914551,
    30.549895133972168,
    29.679021530151367,
    30.631347904205324,
    30.62278533935547,
    30.0419677734375,
    30.59081165313721,
    30.674914417266844,
    30.56504346847534,
    30.736180953979492,
    30.709392185211183,
    30.78272428512573,
    30.67036642074585,
    30.74941717147827,
    30.739241981506346,
    30.638541641235353,
    30.843048992156984,
    30.72106964111328,
    30.69009531021118,
    30.814683990478514,
    30.658877620697023,
    30.215190906524658,
    30.982631511688233,
    31.057296600341797,
    30.381492691040037,
    30.97775924682617,
    30.88510829925537,
    30.616569175720215,
    31.109697666168213,
    30.75847785949707,
    30.829484004974365,
    30.94881935119629,
    30.99277519226074,
    31.014995136260985,
    30.721470317840577,
    31.1108274269104,
    30.268775444030762,
    30.933593769073486,
    30.945515995025634,
    31.035389823913576,
    30.701667499542236,
    30.928877983093262,
    31.072414093017578,
    30.816898021697998,
    30.910810279846192,
    31.133756504058837,
    31.098661403656006,
    30.5291579246521,
    30.92674768447876
  ]
}