{
  "noise_type": "bernoulli",
  "noise_param": 0.4,
  "train_loss": [
    0.0,
    0.0,
    0.0,
    0.0,
    0.0,
    0.0,
    0.0,
    0.0,
    0.0,
    0.0,
    0.0,
    0.0,
    0.0,
    0.0,
    0.0,
    0.0,
    0.0,
    0.0,
    0.0,
    0.0,
    0.0,
    0.0,
    0.0,
    0.0,
    0.0,
    0.0,
    0.0,
    0.0,
    0.0,
    0.0,
    0.0,
    0.0,
    0.0,
    0.0,
    0.0,
    0.0,
    0.0,
    0.0,
    0.0,
    0.0,
    0.0,
    0.0,
    0.0,
    0.0,
    0.0,
    0.0,
    0.0,
    0.0,
    0.0,
    0.0,
    0.0,
    0.0,
    0.0,
    0.0,
    0.0,
    0.0,
    0.0,
    0.0,
    0.0,
    0.0,
    0.0,
    0.0,
    0.0,
    0.0,
    0.0,
    0.0,
    0.0,
    0.0,
    0.0,
    0.0,
    0.0,
    0.0,
    0.0,
    0.0,
    0.0,
    0.0,
    0.0,
    0.0,
    0.0,
    0.0,
    0.0,
    0.0,
    0.0,
    0.0,
    0.0,
    0.0,
    0.0,
    0.0,
    0.0,
    0.0,
    0.0,
    0.0,
    0.0,
    0.0,
    0.0,
    0.0,
    0.0,
    0.0,
    0.0,
    0.0
  ],
  "valid_loss": [
    0.0049061905903120834,
    0.0031780043306450048,
    0.0026922763092443345,
    0.002224764165778955,
    0.00232070644851774,
    0.0015450131109294792,
    0.0015129160601645708,
    0.001256544884139051,
    0.001175493417152514,
    0.0012118527277683218,
    0.0010995245344626408,
    0.0011297401021389912,
    0.0013547083013691007,
    0.0012645786414699008,
    0.0008609523065388203,
    0.0009438643096170078,
    0.0008407882201330115,
    0.0008498594960353027,
    0.0008416216296609491,
    0.0007730492060848822,
    0.0007232765550725162,
    0.0007126868576354657,
    0.001041621371405199,
    0.0006599408933349575,
    0.0007117082122325276,
    0.0006904404969342673,
    0.0006855163112049923,
    0.0006565136941693102,
    0.0006384499856115629,
    0.0006675616362675404,
    0.000645430406439118,
    0.0006232612756624197,
    0.0006176710186991841,
    0.0006245949858566746,
    0.0006202301514955859,
    0.000606726713400955,
    0.000618795039675509,
    0.0005787143638978402,
    0.0005926616625705113,
    0.0006200687164285531,
    0.0005700856825569644,
    0.0005663396548091745,
    0.0005723116744775325,
    0.0005909896465406443,
    0.000545400840928778,
    0.0005456430953927338,
    0.0005350266030291096,
    0.0005607477360172197,
    0.0005315900925779715,
    0.0005578409996815026,
    0.0005503598008848106,
    0.0005240419714633997,
    0.0005342521986070399,
    0.0005422758947437008,
    0.0005455364618683234,
    0.0005268776876619086,
    0.0005706385816059386,
    0.000520502341290315,
    0.0005737522452060755,
    0.000552281114505604,
    0.0005236320178179691,
    0.0005326070240698755,
    0.0005420601645406957,
    0.0005485102495489022,
    0.000582823144698826,
    0.0005537438788451255,
    0.0005421473188713814,
    0.0005236942757619545,
    0.0005408362194430083,
    0.0005325992058108871,
    0.0005297902787181859,
    0.0005208890147817631,
    0.0005192604546512788,
    0.0005100338680980106,
    0.000503581779776141,
    0.0006718477690204357,
    0.0005300814887353529,
    0.0005236368432330589,
    0.000563103204088596,
    0.0005057811368412028,
    0.0005021840789898609,
    0.0005170457065105438,
    0.0005020758893806487,
    0.0005067685279451932,
    0.0005168191962487375,
    0.0005159320901536072,
    0.0005276553575337555,
    0.0005243535075957576,
    0.0005552639583280931,
    0.0005026912617419536,
    0.000557393721343639,
    0.0005184855865081773,
    0.0005083041362619648,
    0.0005194506860182931,
    0.0005192051932681352,
    0.0005185721199571466,
    0.0005195777087161938,
    0.0005286422693946709,
    0.0005607132848429804,
    0.0005078387689233447
  ],
  "valid_psnr": [
    23.17758976618449,
    25.119317944844564,
    25.8295281569163,
    26.753475427627563,
    26.556409660975138,
    28.404831631978354,
    28.452676423390706,
    29.34287298520406,
    29.68355326652527,
    29.49410169919332,
    29.939834785461425,
    29.774984407424927,
    28.897230243682863,
    29.222183259328208,
    31.061397997538247,
    30.602808729807535,
    31.150586303075155,
    31.116774400075276,
    31.145788685480753,
    31.56055253346761,
    31.86948952674866,
    31.951273854573568,
    30.17076759338379,
    32.279550329844156,
    31.882176558176678,
    32.0522740205129,
    32.0729483127594,
    32.30288953781128,
    32.40263168017069,
    32.147214857737225,
    32.3459433555603,
    32.55373773574829,
    32.59162718454997,
    32.51013700167338,
    32.5491020043691,
    32.66404956181844,
    32.53245053291321,
    32.94164233207702,
    32.69062596956889,
    32.48930827776591,
    32.93397728602091,
    32.999984423319496,
    32.96876225471497,
    32.74485569000244,
    33.13803771336873,
    33.18175322214763,
    33.27839988072713,
    33.065514119466144,
    33.28661053975423,
    33.11412262916565,
    33.09585404396057,
    33.34563624064128,
    33.23664633433024,
    33.160396099090576,
    33.118882004419966,
    33.34118005434672,
    32.97726953824361,
    33.37299757003784,
    32.873520072301226,
    33.10511089960734,
    33.33989291191101,
    33.32675174077352,
    33.20740129152934,
    33.12214605013529,
    32.77047611872355,
    33.02512766520182,
    33.12058000564575,
    33.38785249392192,
    33.213440084457396,
    33.27408839861552,
    33.28560077349345,
    33.37715061505636,
    33.41059118906657,
    33.50335477193197,
    33.56067892710368,
    32.04757124582927,
    33.37634097735087,
    33.43996671040853,
    32.96092205047607,
    33.525025304158525,
    33.584031915664674,
    33.50424838066101,
    33.561798652013145,
    33.56222607294718,
    33.42852023442586,
    33.46921803156535,
    33.3000572681427,
    33.35754335721334,
    33.13606430689494,
    33.57781678835551,
    33.09871587753296,
    33.50669078826904,
    33.54797420501709,
    33.47622594833374,
    33.445922660827634,
    33.481717904408775,
    33.46772829691569,
    33.33275475502014,
    33.05594822565715,
    33.55379583040873
  ]
}