{
  "noise_type": "bernoulli",
  "noise_param": 0.4,
  "train_loss": [
    0.0,
    0.0,
    0.0,
    0.0,
    0.0,
    0.0,
    0.0,
    0.0,
    0.0,
    0.0,
    0.0,
    0.0,
    0.0,
    0.0,
    0.0,
    0.0,
    0.0,
    0.0,
    0.0,
    0.0,
    0.0,
    0.0,
    0.0,
    0.0,
    0.0,
    0.0,
    0.0,
    0.0,
    0.0,
    0.0,
    0.0,
    0.0,
    0.0,
    0.0,
    0.0,
    0.0,
    0.0,
    0.0,
    0.0,
    0.0,
    0.0,
    0.0,
    0.0,
    0.0,
    0.0,
    0.0,
    0.0,
    0.0,
    0.0,
    0.0,
    0.0,
    0.0,
    0.0,
    0.0,
    0.0,
    0.0,
    0.0,
    0.0,
    0.0,
    0.0,
    0.0,
    0.0,
    0.0,
    0.0,
    0.0,
    0.0,
    0.0,
    0.0,
    0.0,
    0.0,
    0.0,
    0.0,
    0.0,
    0.0,
    0.0,
    0.0,
    0.0,
    0.0,
    0.0,
    0.0,
    0.0,
    0.0,
    0.0,
    0.0,
    0.0,
    0.0,
    0.0,
    0.0,
    0.0,
    0.0,
    0.0,
    0.0,
    0.0,
    0.0,
    0.0,
    0.0,
    0.0,
    0.0,
    0.0,
    0.0
  ],
  "valid_loss": [
    0.009320579953491687,
    0.005315514132380485,
    0.00419787423685193,
    0.0035804011020809413,
    0.003233799319714308,
    0.003014780478551984,
    0.002454553092829883,
    0.002563991155475378,
    0.002079404965043068,
    0.0021989525109529493,
    0.002410202487371862,
    0.0018647276144474745,
    0.0016872242512181402,
    0.0015693019260652364,
    0.0018487394368276,
    0.0015229763579554857,
    0.0014926554448902608,
    0.0014133954048156738,
    0.0013944043777883053,
    0.001429543171543628,
    0.0013073250674642623,
    0.0012613446218892933,
    0.0012809197511523963,
    0.0012499857461079956,
    0.0012260429258458315,
    0.0011493877018801868,
    0.0012021495960652829,
    0.0012079792493022979,
    0.0011596352350898087,
    0.0012041756464168428,
    0.0011125296633690595,
    0.001103183317463845,
    0.0011546651879325508,
    0.001156235234811902,
    0.0010802068514749407,
    0.0011051775817759336,
    0.0010724384384229778,
    0.0010891845426522196,
    0.0010809794743545354,
    0.0011228283890523016,
    0.0011330725834704937,
    0.0010729862959124147,
    0.001035229244735092,
    0.0010119772446341812,
    0.0010904124355874956,
    0.001056981768924743,
    0.0010183645319193602,
    0.0010382892400957644,
    0.0009905691165477037,
    0.0009804460708983242,
    0.0010473473882302642,
    0.000990924508078024,
    0.0009806836873758585,
    0.0009898358024656773,
    0.001034207867924124,
    0.0009670523181557656,
    0.000980563925113529,
    0.0010158011852763593,
    0.0010055556555744261,
    0.0010059492045547812,
    0.001011862598825246,
    0.0009780841669999062,
    0.000981982343364507,
    0.0009401652961969376,
    0.0009676740551367402,
    0.0010734749725088478,
    0.0009503011754713953,
    0.0009784176992252468,
    0.0009495860454626381,
    0.0009404718643054366,
    0.0009344695555046201,
    0.000947313338983804,
    0.0009338804753497243,
    0.0009336307970806957,
    0.0009035141859203577,
    0.0009767407819163054,
    0.0009376609174069017,
    0.0009208180697169155,
    0.000925387681927532,
    0.0009212888428010047,
    0.0009507730975747108,
    0.0009866899927146733,
    0.0009245279920287431,
    0.0009358380443882197,
    0.0009172333450987936,
    0.0008972677309066057,
    0.0009095964883454144,
    0.0009098607744090259,
    0.0009392276429571211,
    0.0009096774645149708,
    0.000876018526032567,
    0.0009289633377920836,
    0.0008912390901241452,
    0.0008981815201696008,
    0.0009623415814712644,
    0.0008932754443958401,
    0.0009547644364647567,
    0.0008712605712935329,
    0.0009203937533311545,
    0.0009577458293642849
  ],
  "valid_psnr": [
    20.3609165763855,
    22.845867252349855,
    23.855676441192628,
    24.566212978363037,
    24.993232097625732,
    25.303969936370848,
    26.224278144836425,
    26.031153774261476,
    26.989117221832274,
    26.718120365142823,
    26.295544891357423,
    27.53719753265381,
    27.95127899169922,
    28.326476440429687,
    27.506252937316894,
    28.467481231689455,
    28.543571166992187,
    28.841179637908937,
    28.809630889892578,
    28.729154853820802,
    29.133876781463623,
    29.311589756011962,
    29.276557960510253,
    29.374009609222412,
    29.49260112762451,
    29.785105533599854,
    29.570387172698975,
    29.565353412628173,
    29.763795413970946,
    29.55964443206787,
    29.956821823120116,
    30.03508680343628,
    29.848850975036623,
    29.816128273010253,
    30.129203891754152,
    29.955995655059816,
    30.12101228713989,
    30.113960838317873,
    30.108692626953125,
    29.928778991699218,
    29.84971170425415,
    30.127779388427733,
    30.259333610534668,
    30.46314905166626,
    30.02605810165405,
    30.24519115447998,
    30.393194942474366,
    30.353117752075196,
    30.53709785461426,
    30.574815692901613,
    30.29044258117676,
    30.571760368347167,
    30.59494707107544,
    30.532525253295898,
    30.327944221496583,
    30.65844675064087,
    30.654976558685302,
    30.383507080078125,
    30.51766315460205,
    30.515168628692628,
    30.422617664337157,
    30.623418159484864,
    30.619740447998048,
    30.84702236175537,
    30.703226337432863,
    30.095082893371583,
    30.81278076171875,
    30.63374340057373,
    30.765482959747313,
    30.760956687927248,
    30.874294452667236,
    30.837830085754394,
    30.901680698394774,
    30.913370456695556,
    31.03328302383423,
    30.618688106536865,
    30.876424255371095,
    30.94090991973877,
    30.89520196914673,
    30.940544090270997,
    30.782133293151855,
    30.505785484313964,
    30.888442306518556,
    30.876820755004882,
    30.975028038024902,
    31.054945735931398,
    31.00508050918579,
    31.035602931976317,
    30.80092674255371,
    31.004683742523195,
    31.198993282318114,
    30.946764717102052,
    31.098637218475343,
    31.072807941436768,
    30.78470054626465,
    31.138564319610595,
    30.710586280822753,
    31.22324996948242,
    30.89990098953247,
    30.859815406799317
  ]
}