{
  "noise_type": "bernoulli",
  "noise_param": 0.65,
  "train_loss": [
    0.2812050475180149,
    0.2675682820379734,
    0.26154823109507563,
    0.26008452475070953,
    0.2608909723162651,
    0.2613426233828068,
    0.2507478578388691,
    0.25469831049442293,
    0.25538567662239076,
    0.25324908569455146,
    0.25563409850001334,
    0.2504690189659595,
    0.25303751438856126,
    0.25078843772411347,
    0.24889316782355309,
    0.24708183512091636,
    0.247672678232193,
    0.2455502976477146,
    0.2477602717280388,
    0.24659913331270217,
    0.24615552559494971,
    0.2522272853553295,
    0.249005463719368,
    0.2444034469127655,
    0.24487992763519287,
    0.2461332520842552,
    0.24293889448046685,
    0.250362488925457,
    0.2551145014166832,
    0.25006006643176076,
    0.2442750522494316,
    0.2421866874396801,
    0.2407256592810154,
    0.24134587049484252,
    0.24275796622037887,
    0.24354679986834527,
    0.2438039892911911,
    0.2486355808377266,
    0.2443692196905613,
    0.23973819091916085,
    0.2413355988264084,
    0.24345899745821953,
    0.240631618052721,
    0.23727185666561126,
    0.24223878279328345,
    0.2486668537557125,
    0.24488801568746565,
    0.24212320894002914,
    0.24180884167551994,
    0.23874548926949501,
    0.2413717868924141,
    0.24525020480155946,
    0.2424531902372837,
    0.23991793349385263,
    0.2438998430967331,
    0.2417430378496647,
    0.24064818471670152,
    0.24085642367601395,
    0.23846965849399568,
    0.23929805248975755,
    0.2386067807674408,
    0.2413519510626793,
    0.24206623882055284,
    0.24134377777576446,
    0.23965859219431876,
    0.2408398625254631,
    0.24022428601980209,
    0.23888014256954193,
    0.24074048757553101,
    0.23825047180056572,
    0.23693674057722092,
    0.23977866649627685,
    0.23983600214123726,
    0.23658089756965636,
    0.24206533208489417,
    0.23943269357085228,
    0.23868459463119507,
    0.2402968317270279,
    0.23780314683914183,
    0.23861847043037415,
    0.2391941937804222,
    0.23832460701465608,
    0.2359747412800789,
    0.23567660450935363,
    0.23963753178715705,
    0.23847419381141663,
    0.23372407093644143,
    0.24008018016815186,
    0.2378435865044594,
    0.23780140087008475,
    0.23821719974279404,
    0.23794720470905303,
    0.24140209197998047,
    0.23695590123534202,
    0.23775635182857513,
    0.2360699239373207,
    0.2405158044397831,
    0.23919879749417305,
    0.2373334300518036,
    0.2389622674882412
  ],
  "valid_loss": [
    0.2658223932981491,
    0.2631551015377045,
    0.2528099209070206,
    0.26281675398349763,
    0.2621432650089264,
    0.25609374284744263,
    0.24930889904499054,
    0.2613099873065948,
    0.25328114211559294,
    0.2614197289943695,
    0.25775635838508604,
    0.2476154112815857,
    0.25328451454639433,
    0.25278407216072085,
    0.25831896424293516,
    0.24622162461280822,
    0.2477195543050766,
    0.2467602300643921,
    0.2471576052904129,
    0.24438512921333314,
    0.24806292474269867,
    0.2538482528924942,
    0.2457464814186096,
    0.24439189195632935,
    0.24268898546695708,
    0.2456982147693634,
    0.25671472430229186,
    0.2605786073207855,
    0.2510412156581879,
    0.24435739040374757,
    0.23440996706485748,
    0.24050479769706726,
    0.2358064091205597,
    0.2350316673517227,
    0.24144878089427949,
    0.23820902168750763,
    0.2453059083223343,
    0.2524852508306503,
    0.24605749428272247,
    0.23910201847553253,
    0.24431276082992553,
    0.24586131751537324,
    0.23830703496932984,
    0.23935303449630738,
    0.2590196627378464,
    0.2426091855764389,
    0.23817616760730742,
    0.24476315081119537,
    0.23831255376338958,
    0.24206363320350646,
    0.23874612629413605,
    0.24529123783111573,
    0.23875749588012696,
    0.24157146692276002,
    0.2403328913450241,
    0.24272572815418245,
    0.23288669884204866,
    0.24030837535858154,
    0.23251318991184233,
    0.23468148291110993,
    0.2437080627679825,
    0.24059743225574493,
    0.24117938160896302,
    0.23913189947605132,
    0.23961206138134003,
    0.23772261321544647,
    0.23910679638385773,
    0.24389880657196045,
    0.24026564061641692,
    0.2366962468624115,
    0.23214694142341613,
    0.23642661154270173,
    0.23963375508785248,
    0.24097433805465698,
    0.23584019899368286,
    0.2356476229429245,
    0.23522275507450105,
    0.23679727733135222,
    0.24127127051353456,
    0.2376100516319275,
    0.2380075842142105,
    0.24049682378768922,
    0.24463088035583497,
    0.23836468040943146,
    0.24096159040927886,
    0.23977066099643707,
    0.23353105366230012,
    0.23476899802684784,
    0.23703954517841339,
    0.24064821600914002,
    0.23237134397029877,
    0.23743616342544555,
    0.24140540301799773,
    0.23669981062412263,
    0.240801562666893,
    0.23751132369041442,
    0.2329520606994629,
    0.23885855257511138,
    0.2397668331861496,
    0.23445002377033233
  ],
  "valid_psnr": [
    9.080054988861084,
    8.724928188323975,
    8.721697063446046,
    9.229038243293763,
    8.900924000740051,
    8.767592935562133,
    8.417296743392944,
    8.499443264007569,
    8.248481621742249,
    9.170799522399902,
    8.555342073440551,
    8.812866640090942,
    8.613801856040954,
    8.390976524353027,
    8.28708285331726,
    8.434522833824158,
    8.276477680206298,
    8.55552607536316,
    8.546772079467774,
    8.50828788280487,
    8.310849437713623,
    8.568888940811156,
    8.430539927482606,
    8.582699613571167,
    8.422549881935119,
    8.490061645507813,
    8.229943642616272,
    8.324346218109131,
    8.361536884307862,
    8.597577953338623,
    8.611719622612,
    8.43464340209961,
    8.554191851615906,
    8.520662579536438,
    8.595120916366577,
    8.633667359352112,
    8.379698619842529,
    8.16136556148529,
    8.296917862892151,
    8.392085399627685,
    8.268081130981445,
    8.251653532981873,
    8.468210854530334,
    8.466614055633546,
    8.305123314857482,
    8.341065378189088,
    8.38433496952057,
    8.281476154327393,
    8.565544924736024,
    8.137872529029845,
    8.330332894325256,
    8.228705778121949,
    8.31217879295349,
    8.241027178764343,
    8.275521092414856,
    8.25884765625,
    8.463641209602356,
    8.331174545288086,
    8.50364625453949,
    8.333170728683472,
    8.273835897445679,
    8.089920439720153,
    8.574839358329774,
    8.525914244651794,
    8.360149569511414,
    8.475787591934203,
    8.188511805534363,
    8.272290563583374,
    8.216211838722229,
    8.221403822898864,
    8.329921727180482,
    8.572276225090027,
    8.270231680870056,
    8.176920938491822,
    8.282217316627502,
    8.32725944519043,
    8.228504366874695,
    8.19850814819336,
    8.198726153373718,
    8.179938817024231,
    8.46097858428955,
    8.163699712753296,
    8.046744813919068,
    8.088733358383179,
    8.14278413772583,
    8.119556436538696,
    8.401099433898926,
    8.245977835655212,
    8.339140729904175,
    8.339264993667603,
    8.343440842628478,
    8.175632472038268,
    8.152536711692811,
    8.270320172309875,
    8.191520051956177,
    8.106246347427367,
    8.27970871925354,
    8.135686478614808,
    8.072721667289734,
    8.141216750144958
  ]
}