{
  "noise_type": "lower",
  "noise_param": 0.4,
  "train_loss": [
    0.1369918657260201,
    0.060185349376242724,
    0.054668077478305224,
    0.0546632510565167,
    0.05466164563872315,
    0.05464952979340672,
    0.05468621326390847,
    0.054679481300218526,
    0.05468332060836294,
    0.05467276862442492,
    0.054662477409929765,
    0.05465075101236225,
    0.05466415015709542,
    0.05465011763140389,
    0.054671713437927615,
    0.054658814358848784,
    0.05469430847459652,
    0.05466602255950764,
    0.05466178992531005,
    0.0547022867246963,
    0.05466897668691717,
    0.0546777664538472,
    0.054667146793043006,
    0.054672285165763466,
    0.054666633114049484,
    0.05467420887621859,
    0.054670514273572716,
    0.054665559533058426,
    0.054673331625773314,
    0.0546613293332611,
    0.05466337662760512,
    0.054658792896346335,
    0.0546561685207674,
    0.05464640927420038,
    0.054643513315033,
    0.05464721778580976,
    0.05465625594721187,
    0.054652872794560235,
    0.054662459152278596
  ],
  "valid_loss": [
    0.09563285390163451,
    0.03835481222416337,
    0.03646358868243918,
    0.0366192840998589,
    0.03561487487787267,
    0.03443345566937368,
    0.0363362514415134,
    0.038335791442943974,
    0.035464234550608105,
    0.035092083625340324,
    0.034791987536461275,
    0.0354896223079935,
    0.03860028770174741,
    0.03455195227718025,
    0.036353267356728496,
    0.03797547584837618,
    0.037083890932625506,
    0.03604024198038492,
    0.035301692628451516,
    0.034522803254863205,
    0.03462158062184697,
    0.03578017158870867,
    0.0353002013348609,
    0.03487256240310865,
    0.03542102001198167,
    0.03622807604483658,
    0.03592239752276281,
    0.0372663743396117,
    0.03674759073332522,
    0.03491949574572296,
    0.036065791636456714,
    0.035733720831928786,
    0.03543832942889108,
    0.03630465685463563,
    0.035703208410087645,
    0.0356708362230211,
    0.03551280450706791,
    0.0360977422768825,
    0.03537244410398584
  ],
  "valid_psnr": [
    10.823439306763333,
    15.083153816103817,
    15.301255345889679,
    15.282976903713624,
    15.401947231081596,
    15.545155950068827,
    15.316248747243062,
    15.085305643074411,
    15.420008022260326,
    15.464874441231842,
    15.501313588421509,
    15.416960162607097,
    15.055457155854219,
    15.530628531618415,
    15.31424288968899,
    15.126225369607825,
    15.228782696731196,
    15.351257232243393,
    15.439560450854282,
    15.534198710687651,
    15.522109462279603,
    15.382195245953177,
    15.439740153101654,
    15.491506865741135,
    15.425199797763586,
    15.32901729879931,
    15.365255064977665,
    15.207638891894716,
    15.26795830897942,
    15.485802406576619,
    15.34822695232927,
    15.38773888286526,
    15.423119681667162,
    15.319975049074033,
    15.391383324630084,
    15.395252464577226,
    15.414178515306135,
    15.344439777942764,
    15.431041362449518
  ]
}