{
  "noise_type": "lower",
  "noise_param": 0.4,
  "train_loss": [
    0.05465646285850086,
    0.05470875524653322,
    0.054672283229618944,
    0.054673906687248225,
    0.05466329833939868,
    0.05467875623799836,
    0.05468119475173945,
    0.05466275755612354,
    0.05466642932650175,
    0.0546650383022788,
    0.054679754869770475,
    0.05467380540896901,
    0.05466757130274765,
    0.05467086815054627,
    0.05466746206635707,
    0.05465298459872705,
    0.054655452057645916,
    0.054634093480325635,
    0.054684421395252425,
    0.05468825638725504,
    0.05467285898300783,
    0.05467556361054021,
    0.05465828303333045,
    0.054675121752999566,
    0.054667228510813265,
    0.05466566887990997,
    0.05467773167256395,
    0.05467929978320224,
    0.05469571264345828,
    0.05466082931481236,
    0.05465838872367468,
    0.05468177904082491,
    0.05468969234679067,
    0.05466365734389292,
    0.0546526849321396,
    0.05467601641423048,
    0.054655475287212894,
    0.054652849705370043,
    0.05465072023099803,
    0.054648774359948124,
    0.05464739116299843,
    0.05465730665555115,
    0.054663601079328765,
    0.054643670088515596,
    0.054656460069718436,
    0.05463936340461986,
    0.05465118130711418,
    0.05464658167050709,
    0.05467029926099209,
    0.0546586343679721,
    0.05466398234103815,
    0.05465324148548257,
    0.05465114447687495,
    0.054650871440642707,
    0.05465517322975589,
    0.05465215126991019,
    0.05466134363220698,
    0.054656914299776996,
    0.05465082071748876,
    0.0546490347810885,
    0.05465243130664839,
    0.054659564287534504,
    0.054642378050586374,
    0.05464280405030708,
    0.054642507055330414,
    0.054638141831632646,
    0.05464855074405631,
    0.054641361099370546,
    0.05464416300108049,
    0.05464478952585819,
    0.05464192147276291,
    0.0546440366148637,
    0.054642838671508605,
    0.054642153948557697,
    0.054640442639976285,
    0.05464333628545921,
    0.05464202417186884,
    0.05464050128428776,
    0.054645542734057515,
    0.05464988849472452,
    0.054643114227587074,
    0.054649362425396836,
    0.05464280075445826,
    0.05464117825114244,
    0.05464224166822751,
    0.054645933775688334,
    0.05464752597300724,
    0.05464349323510259,
    0.054639245302031327,
    0.05463687789098421,
    0.05463950756033453,
    0.05463609106545746,
    0.05463651546157047,
    0.05463553082751778,
    0.05463754055545678,
    0.05463743738553647,
    0.05463787625496319,
    0.054636184828874335,
    0.05463981544094721,
    0.054637238706405904
  ],
  "valid_loss": [
    0.03634234142220896,
    0.03523213311283493,
    0.036498092552214166,
    0.03537475021678948,
    0.03574218769816375,
    0.034683738849504965,
    0.03634061549090849,
    0.03438736514657665,
    0.03454605975563145,
    0.03385166729520067,
    0.036688569012859884,
    0.036311025387708924,
    0.03641911432121951,
    0.03554348608981995,
    0.03638033484534005,
    0.03726952661750174,
    0.035398343677235954,
    0.03772120937385339,
    0.03679301126720765,
    0.03765980499985261,
    0.035264172344712415,
    0.036055822858721234,
    0.03693239955247264,
    0.03694209662747572,
    0.035070738612055535,
    0.036276004985284126,
    0.037101243182741835,
    0.03651759369224562,
    0.03626292697244938,
    0.037432397585433014,
    0.034948888872022243,
    0.037313840674951367,
    0.03652265903218865,
    0.036335818286270444,
    0.03717914833953096,
    0.035062643355781464,
    0.0358737031412216,
    0.03541379602398279,
    0.03540711173041552,
    0.03668691560521595,
    0.0373630800830432,
    0.036809403767137705,
    0.036668887586072944,
    0.03702597476633798,
    0.03567935719031008,
    0.03691145448950317,
    0.03679008411281373,
    0.03677918654829787,
    0.03594102977044024,
    0.03612313189790022,
    0.03603784114537694,
    0.03548771456575816,
    0.035484509879188164,
    0.03619707296637877,
    0.03550012760327172,
    0.03543811671333102,
    0.035907246598730756,
    0.036236337044195585,
    0.036202164251761426,
    0.035412853559525524,
    0.035897411121058424,
    0.03595235257545676,
    0.035944908554339974,
    0.03574457354208152,
    0.035937136495209764,
    0.03607686278792583,
    0.036082644713190615,
    0.03558897019523386,
    0.03591045790204059,
    0.03618088834061224,
    0.03596785722527567,
    0.03628089874477553,
    0.036144995395362776,
    0.036170038129474155,
    0.0363355998444104,
    0.03652736106656737,
    0.03633414038951293,
    0.036621437878111014,
    0.036313091155110604,
    0.036070563318449,
    0.035945453072032056,
    0.03611765360312125,
    0.03586101115936471,
    0.0364024505422659,
    0.03600724575299375,
    0.03627491611533652,
    0.03579045803728146,
    0.03621370678873387,
    0.03639677747993509,
    0.03625040760330281,
    0.03620707937604645,
    0.036203079657984964,
    0.036089478946795484,
    0.03597674001936061,
    0.035906978764419985,
    0.03594851975134978,
    0.03590855155025458,
    0.03605762828131804,
    0.03614541766616663,
    0.03617310743263414
  ],
  "valid_psnr": [
    15.315530770699898,
    15.44794849493543,
    15.297199520806537,
    15.430763901592114,
    15.386728005356632,
    15.514515096822668,
    15.315734239603701,
    15.550816538971176,
    15.531350069018744,
    15.617022057239971,
    15.274861967378744,
    15.319223738957664,
    15.306487479007025,
    15.410499108805503,
    15.311053608635843,
    15.207274345185938,
    15.427926024240406,
    15.155282518196607,
    15.262651312868233,
    15.162322350566201,
    15.444083408608774,
    15.349409091478025,
    15.246396170079827,
    15.245267064632431,
    15.467458564507924,
    15.323356411973315,
    15.226768717350119,
    15.294908510882108,
    15.324900492935727,
    15.188471182253897,
    15.482232761100981,
    15.202152127383782,
    15.294313582886392,
    15.316299817437384,
    15.217735581073438,
    15.46843891980467,
    15.37104922535234,
    15.426068148136089,
    15.426871743601207,
    15.275055485238132,
    15.19646606811834,
    15.260737219140532,
    15.27716594921518,
    15.235509932544218,
    15.394233778022196,
    15.248835739435355,
    15.262993174740588,
    15.264266082027175,
    15.363039576750456,
    15.341432103443974,
    15.35154206332055,
    15.417189134621173,
    15.417573789959196,
    15.33268209762626,
    15.415699456269728,
    15.423145239602345,
    15.367057242466842,
    15.32804118727565,
    15.332080105864144,
    15.426181445688275,
    15.368227463771746,
    15.361693649795816,
    15.362578474734585,
    15.386443186868217,
    15.363502439273967,
    15.346914378850425,
    15.346229006569905,
    15.405048939646736,
    15.366675215266314,
    15.334596188326561,
    15.359851151923133,
    15.322778729341023,
    15.338843418759916,
    15.335879762554304,
    15.316325572508719,
    15.293761381591205,
    15.316497650442399,
    15.28272446815617,
    15.318980057230258,
    15.347661193915497,
    15.362513746577447,
    15.342080931108226,
    15.372560423846126,
    15.308449120078091,
    15.355173107255215,
    15.323484955398833,
    15.38096834987314,
    15.330715558044181,
    15.309117102199863,
    15.326379012320512,
    15.331499004202456,
    15.331971875365884,
    15.345419003958924,
    15.358795833907879,
    15.367089106082759,
    15.362149216699878,
    15.366901998030947,
    15.349194978616964,
    15.33879343267201,
    15.335516636028078
  ]
}