{
  "noise_type": "raw",
  "noise_param": 0.4,
  "train_loss": [
    0.0050287410353439645,
    6.726708762413476e-05,
    3.4141064305122944e-05,
    2.5355502280500324e-05,
    1.8997082858379135e-05,
    1.2963778366433484e-05,
    2.06324999134868e-05,
    1.0283795941325727e-05,
    2.0375887061573336e-05,
    4.798021914970379e-06,
    1.609095100340873e-05,
    6.316157273098742e-06,
    1.2824641921439826e-05,
    4.824553466503575e-06,
    1.05302718507138e-05,
    6.334632526625539e-06,
    4.631306895508576e-06,
    6.315915719066039e-06,
    6.0791957606898025e-06,
    4.818694889395982e-06,
    1.2341696239645809e-05,
    3.80714387268962e-06,
    3.6295394973771056e-06,
    4.26588481998204e-06,
    4.4802725765741695e-06,
    4.338838294598225e-06,
    3.5419405610268217e-06,
    4.117666762712645e-06,
    4.471974175626908e-06,
    3.487565950742499e-06,
    3.3314513620296815e-06,
    3.936186473911914e-06,
    4.14916973264024e-06,
    2.196207257875624e-06,
    3.0592357035889635e-06,
    2.7099374141469624e-06,
    2.301876998731871e-06,
    3.341422189180318e-06,
    4.470176061707668e-06,
    1.642776615024882e-06,
    3.4480565134819628e-06,
    1.621193076729799e-06,
    2.7693012453811844e-06,
    2.231685152884263e-06,
    2.22687060447147e-06,
    2.067118518670873e-06,
    3.039587180300985e-06,
    1.6088472073935436e-06,
    2.2287971420259965e-06,
    2.5785513648398356e-06,
    1.89110340444111e-06,
    2.1812216347723084e-06,
    1.5081697879807562e-06,
    2.048676864577783e-06,
    2.220038343713887e-06,
    1.4635039651332333e-06,
    1.7636026957247253e-06,
    1.5161903813960196e-06,
    2.374413314866096e-06,
    1.7659714209354422e-06,
    1.786589697760946e-06,
    1.6364218316144663e-06,
    1.873743568510974e-06,
    1.65544246559431e-06,
    2.668115811501859e-06,
    1.2326820251012208e-06,
    1.3969013361897433e-06,
    2.192368196235532e-06,
    1.5005037384606282e-06,
    1.8998738526748562e-06,
    1.3293617207843533e-06,
    1.5250790815667968e-06,
    1.5524705270656028e-06,
    1.4836400373841525e-06,
    1.4635334572130622e-06,
    1.344753834005753e-06,
    1.5591598092416045e-06,
    2.4721481184041947e-06,
    8.227002328231883e-07,
    1.7279328752785037e-06,
    1.1000971204346827e-06,
    1.3413787526839973e-06,
    1.6862135621299447e-06,
    1.3737163886372337e-06,
    1.7024942639659471e-06,
    1.899417887956764e-06,
    9.556265614305461e-07,
    2.2045085205896233e-06,
    1.439684306933582e-06,
    1.109001755179186e-06,
    1.9554221959825198e-06,
    1.1323671532401246e-06,
    1.3927892479323367e-06,
    1.6193168770730208e-06,
    1.1235572903855783e-06,
    1.3309451081672305e-06,
    1.058732585646444e-06,
    1.9428728140232726e-06,
    1.484848263270071e-06,
    1.0223883544941114e-06
  ],
  "valid_loss": [
    8.038410505804517e-05,
    0.00019689362107015048,
    5.968813302343935e-05,
    1.076037579291486e-05,
    2.5458657979554823e-05,
    3.866428842481252e-06,
    1.585051619369551e-05,
    1.382498922089385e-05,
    3.4997173706694434e-06,
    1.6138332293444622e-05,
    2.079754621394975e-06,
    2.1766696117609403e-06,
    1.978374913874159e-06,
    1.8133850901242215e-05,
    1.3104781635675806e-06,
    1.2442034310677156e-06,
    1.3677702770149688e-05,
    3.6366792856067025e-05,
    3.1039316178104567e-06,
    4.592038388319528e-06,
    1.149783053767126e-06,
    1.2243096489695356e-06,
    2.9678323316499054e-06,
    1.635050691456254e-05,
    1.2379945815173154e-06,
    8.509553106134343e-06,
    4.615205108241604e-06,
    0.00010697356021737338,
    1.749623519601042e-06,
    9.380136675231939e-07,
    8.059697279911223e-06,
    1.6135653525405832e-06,
    7.126149580728164e-07,
    2.5172950383124213e-06,
    9.868360630529297e-06,
    2.318796769736451e-06,
    1.0541132018690452e-05,
    4.6391745048436984e-06,
    1.5311712219424365e-06,
    4.517561588841796e-07,
    2.017731844103708e-06,
    6.70007365646645e-06,
    1.1001509536058066e-06,
    3.844986491443945e-07,
    5.247449548672633e-07,
    4.790715653712545e-06,
    3.5300352049548796e-06,
    7.27583620274653e-07,
    5.837700717619959e-07,
    3.821700109530768e-07,
    3.635930739598775e-06,
    2.5126635874799227e-07,
    4.881146377072682e-07,
    6.779640015096725e-07,
    1.150841560168625e-05,
    3.9625709174736693e-07,
    4.238789025815824e-06,
    3.425499868472855e-06,
    2.349855315096443e-07,
    3.6822702249497334e-06,
    2.3971628641483524e-07,
    9.19904505353893e-07,
    7.094679339946513e-07,
    4.361834507448133e-07,
    5.265553850513124e-07,
    6.987030865204718e-07,
    2.0803207890123354e-07,
    1.8396592181565024e-07,
    1.319697967095617e-06,
    1.613084873000926e-07,
    1.9130254058759298e-06,
    3.2073671180058524e-07,
    8.869141077866908e-07,
    2.1558802541429143e-07,
    5.145145877299033e-07,
    2.8568842985993352e-06,
    3.781749418002604e-06,
    1.7382678671793274e-07,
    2.710747772337694e-07,
    5.379231448581323e-07,
    2.1731388746367398e-07,
    4.828450436380435e-07,
    3.0513761357050026e-07,
    8.2066489199832e-07,
    1.2444512432978993e-06,
    1.4954880677907456e-07,
    2.099178751259531e-07,
    4.3522609999445416e-07,
    4.4928579348023603e-07,
    2.714817473036135e-07,
    1.7061602812625507e-07,
    1.6013006034047278e-06,
    2.0024056310017682e-07,
    9.698147343409919e-08,
    2.3523320556252035e-07,
    3.5543134744299364e-07,
    1.3886505533947426e-06,
    1.033066096358614e-05,
    1.0735833763454778e-07,
    1.422984514512527e-07
  ],
  "valid_psnr": [
    42.403643347306044,
    37.14157113647263,
    42.39462337408534,
    50.91457876995692,
    46.06156712750753,
    56.217750621860304,
    48.146408573445335,
    48.68350248671595,
    55.80380029062159,
    47.999986892439345,
    58.92657190723778,
    58.19119749061208,
    58.55255136373797,
    47.50853688602028,
    61.174837528920406,
    61.299575763926484,
    48.68004001291586,
    44.419056795147796,
    55.551965467953586,
    53.54247803459557,
    61.032096071398435,
    60.35300470308534,
    55.483148775399215,
    47.91877184607302,
    59.945315365930774,
    50.74108876987281,
    53.44175293728089,
    40.148631700994,
    57.8219296183969,
    61.022201582064625,
    50.957979938683,
    58.159376848500756,
    62.698118618974114,
    56.10197158725875,
    50.11682220270458,
    56.48449868619779,
    49.79287930769582,
    53.3708436676357,
    58.47953809148539,
    64.2691906213485,
    57.137386734663025,
    51.761027550707965,
    59.789284658296104,
    65.34245370763979,
    63.339716440983324,
    53.22709294317317,
    54.61692490678554,
    61.732919948229615,
    62.83620895446572,
    64.90920243016551,
    54.44218258233518,
    67.45797636593726,
    64.68094880183153,
    62.00403458044112,
    49.452820748474736,
    65.4656292813319,
    53.83244658276921,
    54.727020571522445,
    67.26341000038154,
    54.442390168988695,
    66.9875791712656,
    60.42279199656637,
    61.66823185936597,
    64.28528632209773,
    63.09647330490689,
    61.84290876685273,
    68.55919252168316,
    69.67570152694877,
    59.0228923814057,
    69.38437891366328,
    57.30782859489759,
    66.38193229264797,
    61.242257024608165,
    67.64115283045167,
    63.20428712086013,
    55.49186868409174,
    54.35410133085603,
    68.8021791576006,
    66.38926914326196,
    63.55104054113729,
    67.79149048151542,
    63.66643361459891,
    65.61165171864732,
    60.96144939475597,
    59.20837888205533,
    69.37209535991589,
    67.59457878898452,
    63.72658155043214,
    63.63283359626302,
    66.34218328688121,
    68.49946167335513,
    57.99633140523335,
    68.07364156579881,
    71.96459002591375,
    66.86857746398567,
    65.3442274397187,
    58.673687970827146,
    49.92603768312041,
    71.48406394703912,
    69.33936908546904
  ]
}