{
  "noise_type": "raw",
  "noise_param": 0.4,
  "train_loss": [
    0.010142073305080934,
    0.010076578732500957,
    0.011800000779363851,
    0.010610089054860506,
    0.008708163512131098,
    0.011446152784153197,
    0.008214356944296715,
    0.00770221062841902,
    0.007383244443162247,
    0.007738013114426786
  ],
  "valid_loss": [
    0.007800346638779405,
    0.008783460523298793,
    0.011230178908729217,
    0.007373630061979018,
    0.008323822344255691,
    0.007746710523854051,
    0.007141304889117389,
    0.008848369009124732,
    0.007869754290344363,
    0.007417546922201613
  ],
  "valid_psnr": [
    22.58013555717318,
    22.664005127071757,
    21.324031991812316,
    23.007040764809187,
    22.800710812758535,
    22.4694917104232,
    22.82722664608464,
    22.55846913948359,
    22.78083217117427,
    23.40275393440948
  ]
}