{
  "noise_type": "gradient",
  "noise_param": 0.4,
  "train_loss": [
    0.0,
    0.0,
    0.0,
    0.0,
    0.0,
    0.0,
    0.0,
    0.0,
    0.0,
    0.0,
    0.0,
    0.0,
    0.0,
    0.0,
    0.0,
    0.0,
    0.0,
    0.0,
    0.0,
    0.0,
    0.0,
    0.0,
    0.0,
    0.0,
    0.0,
    0.0,
    0.0,
    0.0,
    0.0,
    0.0,
    0.0,
    0.0,
    0.0,
    0.0,
    0.0,
    0.0,
    0.0,
    0.0,
    0.0,
    0.0,
    0.0,
    0.0,
    0.0,
    0.0,
    0.0,
    0.0,
    0.0,
    0.0,
    0.0,
    0.0,
    0.0,
    0.0,
    0.0,
    0.0,
    0.0,
    0.0,
    0.0,
    0.0,
    0.0,
    0.0,
    0.0,
    0.0,
    0.0,
    0.0,
    0.0,
    0.0,
    0.0,
    0.0,
    0.0,
    0.0,
    0.0,
    0.0,
    0.0,
    0.0,
    0.0,
    0.0,
    0.0,
    0.0,
    0.0,
    0.0,
    0.0,
    0.0,
    0.0,
    0.0,
    0.0,
    0.0,
    0.0,
    0.0,
    0.0,
    0.0,
    0.0,
    0.0,
    0.0,
    0.0,
    0.0,
    0.0,
    0.0,
    0.0,
    0.0,
    0.0
  ],
  "valid_loss": [
    0.0307729484513402,
    0.02627128412326177,
    0.024453277761737505,
    0.034418500028550625,
    0.021798526061077912,
    0.018312350474298,
    0.020534544065594674,
    0.016530961636453866,
    0.01950147779037555,
    0.01576296907539169,
    0.014035514338562887,
    0.01569699952378869,
    0.015285159864773353,
    0.016293299881120524,
    0.016338479115317266,
    0.01288541778922081,
    0.012644613813608884,
    0.014941586181521416,
    0.0109086940685908,
    0.01358285800864299,
    0.011810009181499482,
    0.011823517798135678,
    0.010494055164357027,
    0.01058285248776277,
    0.013617267459630966,
    0.010503628353277842,
    0.009930170172204574,
    0.018505965111156306,
    0.010825404648979504,
    0.01481996737420559,
    0.015142894660433134,
    0.009227401514848074,
    0.011431564763188361,
    0.009180365782231092,
    0.00861325515434146,
    0.00907656482110421,
    0.00910633069773515,
    0.00888350602860252,
    0.009619373672952255,
    0.008679202866430084,
    0.00792218882900973,
    0.012863155578573544,
    0.008261865455036361,
    0.010110153909772634,
    0.008860791474580765,
    0.00908370694766442,
    0.00798911511277159,
    0.010722137584040562,
    0.008321179977307717,
    0.006597303490464886,
    0.007580954643587271,
    0.007041622512042522,
    0.00884754400079449,
    0.008580190440018972,
    0.00840818954942127,
    0.0076293833709011475,
    0.011175923546155294,
    0.009069081457952658,
    0.008863127790391445,
    0.007423234451562166,
    0.006843699918438991,
    0.0072354527345548075,
    0.006110390725856026,
    0.010006386631478867,
    0.0074506340393175685,
    0.006732747688268622,
    0.007937225435550014,
    0.008264905028045177,
    0.006055738031864166,
    0.007233734801411628,
    0.00640322359589239,
    0.009024938739215334,
    0.007027430801341931,
    0.00780343144821624,
    0.007802976264307896,
    0.008540706352020304,
    0.006682147722070416,
    0.00656452268982927,
    0.00737914110844334,
    0.006448082051550349,
    0.006227949215099215,
    0.005432284545774261,
    0.006588346464559436,
    0.005797294635946552,
    0.005690593148271242,
    0.0060004200010250015,
    0.007796566638474663,
    0.006866001042847832,
    0.007802747236564755,
    0.006416431038329998,
    0.005887683869029085,
    0.006159748338783781,
    0.007058557743827502,
    0.009754016405592363,
    0.008228591503575444,
    0.0058441852374623215,
    0.00820501271324853,
    0.006201408322279652,
    0.0074578452544907725,
    0.006528575873623292
  ],
  "valid_psnr": [
    26.478487984339395,
    27.942328898111978,
    28.681205844879152,
    27.073730611801146,
    29.71147723197937,
    30.867357524236045,
    30.50521159172058,
    31.554980166753133,
    31.06937511761983,
    32.12906293869018,
    32.849619420369464,
    32.44244737625122,
    32.73048966725667,
    32.57264655431111,
    32.66893294652303,
    33.88774846394857,
    34.05131298700969,
    33.39106351534526,
    35.061759901046756,
    33.87977064450582,
    34.78691231409709,
    34.746675634384154,
    35.60535195668538,
    35.6109829266866,
    34.49382057189941,
    35.73113244374593,
    36.15994520187378,
    32.56129391988119,
    35.824267292022704,
    33.83555873235067,
    33.9796923160553,
    36.701889451344805,
    35.856496524810794,
    36.817824331919354,
    37.23765125274658,
    36.97807079950969,
    37.10222860972087,
    37.23750063578288,
    36.773387622833255,
    37.07519092559814,
    37.81503705978393,
    35.160242048899335,
    37.68847964604696,
    36.80291506449382,
    37.541032727559404,
    37.50392793019613,
    37.90920797983805,
    36.565850512186685,
    37.96120014190674,
    38.78936376571655,
    38.40224291483561,
    38.40881926218669,
    37.08039849599202,
    37.39169422785441,
    37.33840529123942,
    38.20210523605347,
    36.49022986094157,
    37.58828856150309,
    37.607465203603105,
    38.7761349995931,
    38.79786287943522,
    38.580594571431476,
    39.36634944279989,
    36.660471725463864,
    38.54793303807576,
    39.095208962758385,
    38.223767598470054,
    38.063076655069985,
    39.52908290227254,
    38.67604395548503,
    39.43181873957316,
    37.88839791615804,
    38.84422159194946,
    38.52128582000732,
    38.12316770553589,
    37.94507102966308,
    39.37364419301351,
    39.40785255432129,
    38.68235476811727,
    39.36138270696004,
    39.59304421742757,
    40.17822844187419,
    39.303443145751956,
    39.89479996363322,
    40.062125047047935,
    39.75048475265503,
    38.89063892364502,
    39.225325965881346,
    38.6182360013326,
    39.44200582504273,
    39.724246406555174,
    39.57174094518026,
    39.428285121917725,
    37.523883724212645,
    38.65144913991292,
    40.120583057403564,
    38.51740655899048,
    39.91679652531942,
    38.94932540257772,
    39.7234761873881
  ]
}