{
  "noise_type": "gradient",
  "noise_param": 0.4,
  "train_loss": [
    0.0,
    0.0,
    0.0,
    0.0,
    0.0,
    0.0,
    0.0,
    0.0,
    0.0,
    0.0,
    0.0,
    0.0,
    0.0,
    0.0,
    0.0,
    0.0,
    0.0,
    0.0,
    0.0,
    0.0,
    0.0,
    0.0,
    0.0,
    0.0,
    0.0,
    0.0,
    0.0,
    0.0,
    0.0,
    0.0,
    0.0,
    0.0,
    0.0,
    0.0,
    0.0,
    0.0,
    0.0,
    0.0,
    0.0,
    0.0,
    0.0,
    0.0,
    0.0,
    0.0,
    0.0,
    0.0,
    0.0,
    0.0,
    0.0,
    0.0,
    0.0,
    0.0,
    0.0,
    0.0,
    0.0,
    0.0,
    0.0,
    0.0,
    0.0,
    0.0,
    0.0,
    0.0,
    0.0,
    0.0,
    0.0,
    0.0,
    0.0,
    0.0,
    0.0,
    0.0,
    0.0,
    0.0,
    0.0,
    0.0,
    0.0,
    0.0,
    0.0,
    0.0,
    0.0,
    0.0,
    0.0,
    0.0,
    0.0,
    0.0,
    0.0,
    0.0,
    0.0,
    0.0,
    0.0,
    0.0,
    0.0,
    0.0,
    0.0,
    0.0,
    0.0,
    0.0,
    0.0,
    0.0,
    0.0,
    0.0
  ],
  "valid_loss": [
    0.03749426588416099,
    0.025970047265291216,
    0.023047309592366217,
    0.019141416549682617,
    0.018421226888895036,
    0.01794045776128769,
    0.015524906814098358,
    0.014471082091331482,
    0.014054969251155854,
    0.013130108639597893,
    0.012759877890348435,
    0.016255034022033214,
    0.011985258273780346,
    0.011204199343919754,
    0.010815187320113183,
    0.010682898499071598,
    0.011611328646540641,
    0.010069685764610767,
    0.01062425009906292,
    0.010019873008131982,
    0.011482873596251011,
    0.008787386491894722,
    0.008626984804868698,
    0.009273768868297338,
    0.008001429717987776,
    0.008224360812455415,
    0.008228503689169884,
    0.012604164816439152,
    0.007462293971329927,
    0.007484441995620728,
    0.007902413923293352,
    0.007452122233808041,
    0.009383148923516273,
    0.008709116950631141,
    0.0064669248089194295,
    0.007836413960903883,
    0.006923755872994661,
    0.008572897166013718,
    0.009873787611722947,
    0.007245398089289665,
    0.0070255427248775955,
    0.0068636049702763555,
    0.00858820203691721,
    0.007087368760257959,
    0.009720382913947105,
    0.008011014182120562,
    0.006139730382710695,
    0.005991092622280121,
    0.005700601171702147,
    0.005864467155188322,
    0.007761821281164884,
    0.005745102278888225,
    0.005500449594110251,
    0.006871139276772738,
    0.0057852878794074055,
    0.006909517869353295,
    0.007274710200726986,
    0.006313042007386685,
    0.007395061701536179,
    0.006775807850062847,
    0.006036721151322127,
    0.006174801420420408,
    0.005354433637112379,
    0.006101205106824636,
    0.005879803299903869,
    0.004767814595252276,
    0.0056743516214191915,
    0.00590986231341958,
    0.0048973598331213,
    0.005049424171447754,
    0.006564343683421612,
    0.007474406342953444,
    0.005595851913094521,
    0.005714027080684901,
    0.00509609529748559,
    0.004947388619184494,
    0.00605419484898448,
    0.00671974390745163,
    0.005315921064466238,
    0.0056565847620368,
    0.00457692002877593,
    0.00586123151704669,
    0.004713523555546999,
    0.007273716740310192,
    0.005784755777567625,
    0.004821013174951077,
    0.005542787350714206,
    0.004324848419055343,
    0.004353570714592934,
    0.0055709776468575,
    0.008151220567524433,
    0.004689201135188341,
    0.004947645533829928,
    0.005272703301161527,
    0.0059014251641929145,
    0.005286286193877459,
    0.004424034655094147,
    0.0062170328944921496,
    0.004036254119127989,
    0.005149967353790998
  ],
  "valid_psnr": [
    23.84807683944702,
    26.76350877761841,
    28.38677770614624,
    29.75528160095215,
    30.54779956817627,
    30.834564113616942,
    31.804257297515868,
    32.509763641357424,
    32.834646472930906,
    33.42254117965698,
    33.79671686172485,
    32.41101160049438,
    34.62120510101318,
    35.13174900054932,
    35.37292167663574,
    35.61025825500488,
    35.16668262481689,
    36.224276542663574,
    35.94164279937744,
    36.512674446105954,
    35.545683517456055,
    37.163462715148924,
    37.31825740814209,
    36.82584976196289,
    37.66867031097412,
    37.68369117736816,
    37.788152084350585,
    35.33184947967529,
    38.420026512145995,
    38.3037077331543,
    38.12032154083252,
    38.5169174194336,
    37.26019916534424,
    37.659064025878905,
    39.32704708099365,
    38.03407337188721,
    39.05769340515137,
    37.943242416381835,
    37.17890689849853,
    38.828890342712405,
    39.052131996154785,
    39.10635620117188,
    37.868168907165526,
    38.883413543701174,
    36.956741638183594,
    38.15297527313233,
    39.94388526916504,
    40.067013092041016,
    40.299835662841794,
    40.12469268798828,
    38.84101970672607,
    40.4357405090332,
    40.498448028564454,
    39.73891658782959,
    40.246967468261715,
    39.41073543548584,
    39.219856109619144,
    40.136558570861816,
    39.000057525634766,
    39.62937934875488,
    40.17332004547119,
    40.370513916015625,
    40.63817001342773,
    40.21703941345215,
    40.23784385681152,
    41.583350296020505,
    40.6490242767334,
    40.29701705932617,
    41.29390243530273,
    41.34094596862793,
    40.23249443054199,
    39.019203147888184,
    40.98686782836914,
    40.29994327545166,
    41.25255481719971,
    41.71857738494873,
    40.419030418396,
    40.03347312927246,
    41.248329887390135,
    40.89066177368164,
    42.057264137268064,
    40.75689430236817,
    41.95207485198975,
    39.85580902099609,
    40.88785247802734,
    41.77894035339355,
    41.01801513671875,
    42.32376056671143,
    42.415519065856934,
    41.05571872711182,
    38.991737365722656,
    42.13891098022461,
    41.617186546325684,
    41.25851184844971,
    40.835084190368654,
    41.28072273254394,
    42.54458026885986,
    40.53397304534912,
    42.81705253601074,
    41.80909465789795
  ]
}