{
  "noise_type": "lower",
  "noise_param": 0.4,
  "train_loss": [
    0.011901409723439924,
    0.0017374710332947365,
    0.0013873740146432513,
    0.0012730803630421072,
    0.001241103068355346,
    0.001187003836235808,
    0.0011413999488749296,
    0.0011277733564275254,
    0.0011049833583729478,
    0.00109080340747475,
    0.0010802284510569827,
    0.0010642743180271635,
    0.0010579839628275549,
    0.0010695506489298782,
    0.0010311710941679827,
    0.0010339508680878014,
    0.0010227361115991052,
    0.0010203057203548855,
    0.0010088750861669635,
    0.0010030003887252557,
    0.0010053694483400943,
    0.000988171133887942,
    0.0009878737439203106,
    0.0009862568748100224,
    0.0009843476598032817,
    0.0009705570233576557,
    0.0009756984405576463,
    0.000963645164665486,
    0.0009582057023397424,
    0.0009581992190083855,
    0.0009548427488770584,
    0.000950436424084751,
    0.0009474422257774433,
    0.0009505343886678592,
    0.0009376322461136532,
    0.0009458984269068779,
    0.0009335546299918656,
    0.0009275316784280982,
    0.0009309537188447188,
    0.0009345252693975923,
    0.0009245470014655276,
    0.00092740098265904,
    0.000919631451293783,
    0.0009144999056628044,
    0.0009209768921627393,
    0.0009179657074344509,
    0.0009044691539772018,
    0.0009042386195079231,
    0.0009036351710603592,
    0.0009021371710817614,
    0.0009012388087672905,
    0.0008961991541193767,
    0.0008992758478926679,
    0.0009003656874332786,
    0.000890831367508368,
    0.0008887208370402122,
    0.0008881761199312282,
    0.0008860130646788772,
    0.0008845309542677462,
    0.0008842401000895769,
    0.0008804515962980775,
    0.0008811317583277021,
    0.0008813723389413411,
    0.0008763717957167913,
    0.0008754211199877902,
    0.0008717771815133458,
    0.0008721757098274597,
    0.0008738195598331567,
    0.0008746866029116895,
    0.0008674478955173777,
    0.0008657606647924772,
    0.0008653651298922447,
    0.0008651616305684049,
    0.000864431201512898,
    0.0008593885191241219,
    0.0008602489587938182,
    0.0008589106937532307,
    0.0008186839945119875,
    0.0008064862450868058,
    0.000800183388369827,
    0.0007954845211282533,
    0.000791955033374833,
    0.0007875341746790001,
    0.0007855227947488126,
    0.0007815435231383903,
    0.0007795428916589093,
    0.0007772784710643802,
    0.0007746284233139537,
    0.0007732837775049645,
    0.0007690317238087958,
    0.0007682822178316407,
    0.0007649069992560207,
    0.0007644300481346015,
    0.0007620918059546283,
    0.0007596327861469867,
    0.0007585342515686608,
    0.0007574464126638622,
    0.0007546275288178154,
    0.0007531349820451546,
    0.0007530116206776996
  ],
  "valid_loss": [
    7.736712031142287e-05,
    7.650305169783584e-05,
    8.519800838730701e-05,
    5.55009676325801e-05,
    5.117141424214641e-05,
    5.858019953249866e-05,
    3.79902606959654e-05,
    3.935631544762258e-05,
    3.4826761937021047e-05,
    8.610735743981155e-05,
    3.763494464478338e-05,
    4.040705761902718e-05,
    3.842246267342365e-05,
    3.97115139050853e-05,
    4.5311683071491914e-05,
    3.515404761952677e-05,
    3.968183476850994e-05,
    3.608909258273383e-05,
    3.875419880713851e-05,
    3.321899757201071e-05,
    4.3184412948837606e-05,
    3.302232680826746e-05,
    3.747435065491999e-05,
    3.4081708049029294e-05,
    3.6382942013241065e-05,
    3.655312079209848e-05,
    4.03647473079168e-05,
    3.570994191426458e-05,
    6.224135849582247e-05,
    3.36276812969056e-05,
    3.413387478044509e-05,
    3.4366889043637614e-05,
    7.582716264974165e-05,
    3.448514000877365e-05,
    3.309730458637119e-05,
    3.28830348682959e-05,
    3.403212345780691e-05,
    9.253311941813309e-05,
    3.311690328627392e-05,
    3.393478196418685e-05,
    4.244451658534753e-05,
    3.417620714645976e-05,
    3.478410108895577e-05,
    4.1205376368523006e-05,
    3.626354951092268e-05,
    3.304646552578103e-05,
    4.046253140648179e-05,
    3.297558787814822e-05,
    3.6269107209950113e-05,
    3.434631801497462e-05,
    3.238767138104584e-05,
    3.289721755543464e-05,
    5.0439259358863666e-05,
    3.2845156234922075e-05,
    3.2604792795308394e-05,
    3.861103677215296e-05,
    3.279779000656272e-05,
    3.742307861906297e-05,
    4.090785104166645e-05,
    3.2723106808301405e-05,
    4.4107540710450043e-05,
    3.5071069045444435e-05,
    3.3720156323078555e-05,
    3.658643621728647e-05,
    4.304033732155818e-05,
    0.00011849601782848322,
    3.396834410710854e-05,
    3.8228286592731596e-05,
    3.29592518839989e-05,
    3.573054334270007e-05,
    3.772831186227525e-05,
    3.98000977430011e-05,
    7.064626237826084e-05,
    3.4835356378756794e-05,
    3.252143833125751e-05,
    5.1374062190115646e-05,
    3.612907705420844e-05,
    3.3827437403034196e-05,
    3.670955692062661e-05,
    3.126050830658552e-05,
    3.397368836597664e-05,
    3.157462512312066e-05,
    3.126729310315481e-05,
    3.2617169995834334e-05,
    3.162503304729195e-05,
    3.6021919826866557e-05,
    3.155609534294832e-05,
    3.736840372512991e-05,
    3.120630150322776e-05,
    3.2482031233764664e-05,
    3.212781911042251e-05,
    3.121559554348854e-05,
    3.150508893406775e-05,
    3.16698517299654e-05,
    3.255305227502096e-05,
    3.148146274150487e-05,
    3.149644514918874e-05,
    3.1599050646331916e-05,
    3.670887579477154e-05,
    3.163700811053593e-05
  ],
  "valid_psnr": [
    41.79449130063846,
    41.77443937743122,
    41.17667715662395,
    43.51411890289044,
    43.98141852697884,
    43.19531866277732,
    45.90614854096364,
    45.541382597865116,
    46.53610456222524,
    41.105813011652096,
    45.86387206015907,
    45.32680774529888,
    45.63551880390313,
    45.37954377960669,
    44.51740399569405,
    46.25739596127945,
    45.40441933436657,
    46.08792082360367,
    45.572951596999715,
    46.82300247279826,
    44.845673372930236,
    46.781724440817136,
    45.79575005995933,
    46.50729157581828,
    46.02345986565072,
    46.018772545175,
    45.30365793134409,
    46.13672554845272,
    42.72811216231309,
    46.768703577419274,
    46.58084439967337,
    46.48136592322425,
    41.707227166474276,
    46.38822045808174,
    46.76733085642784,
    46.90024088774359,
    46.55161384269519,
    40.75903588560023,
    46.804296103014686,
    46.5366123906104,
    44.97828221968999,
    46.49497598222596,
    46.40431951215928,
    45.12921115665668,
    46.12977800642421,
    46.711197485106986,
    45.256019941840115,
    46.836642256682175,
    46.04094773956,
    46.5025203501609,
    46.95822017455193,
    46.86465069346845,
    43.92524843968364,
    46.82945419617637,
    46.952867283757264,
    45.61741708957543,
    46.833387293032345,
    45.88492351535363,
    45.28293805507615,
    46.87022967916412,
    44.71148310292876,
    46.30847048687882,
    46.6784048678295,
    45.94480080524158,
    44.8966296142715,
    39.61577240070401,
    46.623801919169026,
    45.69008449262388,
    46.77429908788158,
    46.1788440064362,
    45.747211388098904,
    45.37472734512403,
    42.098303952519494,
    46.318625831376,
    46.97642946883324,
    43.810895685451634,
    46.072170440673226,
    46.58752077916047,
    45.90792425584221,
    47.28049368739653,
    46.57940484080689,
    47.19970271872343,
    47.32253830825929,
    46.86472092599686,
    47.16088160256617,
    46.06174740316407,
    47.176274989345416,
    45.790912623229424,
    47.34402974113107,
    46.91957195038654,
    47.04633370405588,
    47.28505974245749,
    47.229834196831575,
    47.166106176298825,
    46.9205832541287,
    47.18380989314123,
    47.202548363549425,
    47.20328797644687,
    45.94688190720414,
    47.126878616123236
  ]
}