{
  "noise_type": "raw",
  "noise_param": 0.4,
  "train_loss": [
    0.004290563375774352,
    7.670826368959862e-05,
    3.9715900685007e-05,
    2.7884341648630535e-05,
    2.5317172255286276e-05,
    1.757630235267085e-05,
    1.524301920817859e-05,
    1.2283643285652535e-05,
    1.1988336923228362e-05,
    1.273022876075136e-05,
    7.19333765402132e-06,
    1.5174515202360338e-05,
    7.974532749698754e-06,
    8.77353951937886e-06,
    7.548489459399657e-06,
    8.149953819903505e-06,
    7.325145231719554e-06,
    7.0407141086924e-06,
    5.88906938719106e-06,
    5.984236282387248e-06,
    6.53659476720685e-06,
    5.54314025498559e-06,
    5.280943818240955e-06,
    7.063441557516536e-06,
    5.056663981439497e-06,
    5.298087096705324e-06,
    1.0025882040730325e-05,
    3.827770403578181e-06,
    4.0324774317966784e-06,
    1.3103883359228362e-05,
    5.495570077578809e-06,
    4.796032540700891e-06
  ],
  "valid_loss": [
    8.932359790007645e-05,
    0.0001068123345092748,
    7.723669967314584e-05,
    4.302865406187763e-05,
    0.00011860835462886456,
    1.3907948846652808e-05,
    6.157059058429433e-06,
    2.5980475558260413e-05,
    3.956368330182101e-06,
    8.716658484226053e-06,
    2.2440374093512795e-06,
    1.9779741532314663e-06,
    5.724902681526863e-06,
    4.330628614238336e-06,
    2.1507763443791662e-06,
    5.8082436210724724e-06,
    4.941815589148142e-05,
    1.828122222089312e-06,
    3.491022228966214e-06,
    1.0326986625417913e-05,
    4.992370823624376e-06,
    3.7024112485416065e-06,
    1.3201561997333278e-06,
    2.5622388329612626e-06,
    2.0440010935064705e-06,
    4.810413047295242e-06,
    3.4565277634095547e-06,
    7.342501048692896e-07,
    1.3781547843045648e-06,
    3.0974015999583205e-06,
    9.840163604825852e-07,
    5.878503225125289e-06
  ],
  "valid_psnr": [
    41.62098793924815,
    40.08438598149216,
    41.266700991114625,
    43.757466513716835,
    39.31991080189074,
    48.82492022590065,
    52.816084024448784,
    45.89281691093761,
    54.87555910976889,
    50.90505551237281,
    57.73746954379598,
    58.29030624312989,
    52.63077598667096,
    54.048407050786984,
    57.29302995172601,
    52.46240345339532,
    43.06473770650871,
    57.969192143874785,
    54.792249123792274,
    49.943020134880804,
    53.09765376823952,
    54.544700655027476,
    59.37409080503469,
    56.070225990859704,
    57.16891917381498,
    53.3501140256975,
    54.70364527525328,
    62.39655194713228,
    58.98627671745688,
    55.177169973650365,
    60.59920832796267,
    52.38052523593209
  ]
}