{
  "noise_type": "raw",
  "noise_param": 0.4,
  "train_loss": [
    0.0029619317651300705,
    4.2253293412593847e-05,
    5.544482856917115e-05,
    5.025576694851152e-05,
    4.017242921153618e-05,
    3.223427686300994e-05,
    4.4833367988145505e-05,
    1.9271385242831033e-05,
    2.383130978867474e-05,
    2.1116551792677393e-05,
    2.3704184929239306e-05,
    2.4170831467857246e-05,
    1.4733034671013579e-05,
    2.1217289982079876e-05,
    3.2906881451468035e-05,
    8.728951809998795e-06,
    1.362482216080788e-05,
    2.6408351507247065e-05,
    1.1708817358630448e-05,
    1.5239591198266341e-05,
    1.4393742597212411e-05,
    1.157004624851445e-05,
    1.124653578629054e-05,
    1.5224729460132583e-05,
    6.98750418364938e-06,
    1.646741671114071e-05,
    7.0650147107298226e-06,
    2.230907345673735e-05,
    7.799583136705687e-06,
    1.0881766567441537e-05,
    7.656887434603006e-06,
    1.0954158341105426e-05,
    1.1173146929320347e-05,
    1.2406139942034795e-05,
    1.16176655822114e-05,
    7.035580815953726e-06,
    6.682273426008589e-06,
    1.10732868527776e-05,
    1.1927114376953368e-05,
    7.654739249229041e-06,
    8.685338741126561e-06,
    1.1736802180260274e-05,
    5.511544981694706e-06,
    1.3009084583111501e-05,
    7.554946765448995e-06,
    9.201908123191165e-06,
    5.275347584708558e-06,
    9.55204406842359e-06,
    9.409542700285574e-06,
    6.740625395031924e-06,
    6.925716133907473e-06,
    9.842653236346076e-06,
    7.70173722000176e-06,
    6.42335312692195e-06,
    6.966638554500984e-06,
    7.400262182518702e-06,
    1.2739416592779844e-05,
    4.961439903996048e-06,
    1.0705628721373534e-05,
    7.379823523033638e-06,
    6.177726271339126e-06,
    9.11014231756101e-06,
    4.82953403532184e-06,
    9.577646677063435e-06,
    3.6378414280521553e-06,
    1.1466274943552563e-05,
    4.965169018617325e-06,
    2.1195912467218e-05,
    4.960283054803314e-06,
    6.074917827237842e-06,
    9.5761196755996e-06,
    9.144811011610024e-06,
    5.698299560009931e-06,
    5.661201169618994e-06,
    5.401372031205828e-06,
    8.40845736579318e-06,
    4.8098724280587695e-06,
    4.640240208116478e-06,
    4.9892735703173115e-06,
    5.888217465550333e-06,
    7.283315725457118e-06,
    8.01149302144853e-06,
    5.179274196569146e-06,
    6.7661308812345655e-06,
    7.447250070396642e-06,
    3.7296467123322236e-06,
    7.087831417759933e-06,
    3.5281459242222016e-06,
    5.421756373168687e-06,
    5.009341198575613e-06,
    4.5355745852430475e-06,
    5.044694180942873e-06,
    5.493377916503888e-06,
    3.408046526910472e-06,
    5.778735708366511e-06,
    8.622360202287517e-06,
    2.7503013771876233e-06,
    4.173013908811646e-06,
    5.082092122741357e-06,
    6.759098830531881e-06
  ],
  "valid_loss": [
    3.8809167472322096e-05,
    3.9706694148143536e-05,
    3.186301171707211e-05,
    6.335765759876835e-05,
    4.262215426368276e-05,
    1.639436184003323e-05,
    1.5712614297718814e-05,
    0.00011117095657595772,
    5.7293167144796136e-06,
    6.086411127925867e-05,
    2.620504326258049e-05,
    5.078353611039308e-05,
    6.9613299641144295e-06,
    2.7385882553911956e-06,
    6.274684669872209e-06,
    2.7166578926514617e-05,
    2.3464179442563143e-06,
    3.950540316922717e-05,
    1.4790539587253003e-06,
    7.592896683548615e-06,
    1.104127686110403e-06,
    4.973092250635744e-06,
    1.005368044531206e-06,
    8.500881998701921e-06,
    1.2107090576829851e-05,
    3.6144695383665566e-06,
    2.8315010526798365e-05,
    1.3493971836635563e-06,
    9.321620751652565e-07,
    9.154807868203308e-06,
    4.4254281986778776e-05,
    3.862072945004618e-07,
    3.467679222329756e-07,
    1.3470456938848675e-05,
    8.024363824059496e-07,
    5.642457954290953e-05,
    4.624095526686894e-06,
    3.9135593238658255e-07,
    6.578566962063005e-07,
    7.91841073487801e-07,
    3.5367591318236098e-06,
    9.204270477537175e-07,
    2.677923410882171e-07,
    6.572970329279605e-06,
    4.483074904378215e-06,
    1.3753144452522335e-05,
    1.5819453449081426e-06,
    8.513073071476756e-06,
    3.900775570279056e-07,
    7.476058944623516e-07,
    3.969747944805759e-06,
    7.939540663538223e-06,
    2.3824499262859323e-07,
    1.0835070915986468e-06,
    8.238411913945691e-07,
    5.2999955478130086e-05,
    1.5925578982558628e-06,
    2.547452974774377e-06,
    1.4867860468308397e-05,
    6.825540420291002e-07,
    2.265441440701585e-05,
    8.522102114024487e-05,
    2.553738147869949e-07,
    8.76744494463222e-06,
    7.96432343717397e-05,
    9.478406830771117e-07,
    2.303195072872187e-05,
    4.353141211521273e-07,
    1.1247139481714371e-06,
    1.2678504820568858e-05,
    1.124006399821254e-07,
    6.137086892824166e-07,
    5.999840495319181e-06,
    2.5531243619234606e-07,
    4.141966516036533e-06,
    3.4259466302923293e-06,
    1.566813883913505e-05,
    8.656650413215556e-07,
    1.6184228498841023e-06,
    1.6974746472358473e-07,
    1.2671288733804376e-06,
    1.094750263321144e-07,
    9.3567264042403e-06,
    1.6504535749977102e-06,
    4.719526482133626e-07,
    3.169503126137398e-07,
    2.628358363092819e-07,
    3.888608727793272e-07,
    2.1911456146172835e-06,
    0.0001227456928282459,
    4.4087859782560186e-07,
    3.066145163493974e-07,
    1.3613599128474734e-05,
    2.8948168444677387e-07,
    6.500886155364426e-07,
    9.966467340831516e-06,
    1.382630100627837e-05,
    2.5866732042679485e-07,
    1.4745391271016687e-06,
    2.127001474233447e-07
  ],
  "valid_psnr": [
    46.9123719594628,
    46.08084335587716,
    47.18941857541925,
    42.502607570634744,
    44.59136820213533,
    49.93709092768952,
    49.843707342352246,
    39.76163099070018,
    54.781753081049885,
    42.343345171048966,
    46.023392848062464,
    43.50178373514,
    52.291370087635165,
    57.99596354809529,
    52.63660355420097,
    45.85001268257564,
    57.27396034457363,
    44.245722165524484,
    59.70650383501194,
    51.42664512179599,
    61.07758971006437,
    53.27227494196174,
    61.00218867210661,
    50.99731977551852,
    49.325911542851536,
    54.767678498784875,
    45.70571882721542,
    59.232335125982466,
    61.03649133292019,
    50.570112881323375,
    43.72486912281897,
    65.56069242830844,
    65.95823704743391,
    48.893968383969,
    61.509332957405384,
    42.66668870414617,
    53.54079001931651,
    65.05439288440233,
    62.54407561311916,
    61.27914012535797,
    54.721599944269414,
    60.87054081079059,
    67.00170945908968,
    51.97896023005265,
    53.70675673697931,
    48.77364549841437,
    58.25442673047478,
    50.85561484801326,
    65.72000347627902,
    61.64834814811447,
    54.16626859184305,
    51.67675802574985,
    67.67892963291283,
    60.25193344054867,
    61.43110741482316,
    42.95670122923059,
    58.629452125230486,
    56.10029687310638,
    48.43264089908681,
    62.2280816958772,
    46.67061194759247,
    40.80987827794304,
    66.94282276356735,
    50.81039948237029,
    41.166894588189834,
    60.78966006152249,
    46.53192888156707,
    64.55330305447178,
    59.7396684171244,
    49.171814476710466,
    71.34241228781664,
    62.735176149327465,
    52.59560103755223,
    67.25709518122183,
    54.018363595777565,
    54.90037209165439,
    48.24144618642187,
    61.15346527302435,
    58.243707292206494,
    68.77551126246554,
    59.738909980937784,
    71.46395188175839,
    50.645767578813036,
    57.98885976714546,
    63.86765660637287,
    65.7434391270284,
    66.98037604860848,
    64.531892397604,
    56.76221513880679,
    39.3283662915797,
    63.898660494947,
    65.84893795068393,
    48.8132290914267,
    65.8867286935513,
    62.32710360176135,
    50.25506947647663,
    48.72674144249907,
    66.47488726201762,
    58.45910755460932,
    67.75962631452403
  ]
}