{
  "noise_type": "raw",
  "noise_param": 0.7,
  "train_loss": [
    0.0890698504610637,
    0.018347172260248307,
    0.014944744640471536,
    0.013183831248221848,
    0.011126753934168794,
    0.010443494873355998,
    0.009406921387497953,
    0.008436896652687672,
    0.007893862112748548,
    0.007250153172681146,
    0.006602259517336631,
    0.006236179375322332,
    0.006597662323617123,
    0.0067416786334251995,
    0.005994013102636162,
    0.005390065398261695,
    0.0056987470827188,
    0.00537576579091346,
    0.005087674433835081,
    0.004702438317505717,
    0.005169138374781599,
    0.005009852818178016,
    0.004414931022039087,
    0.004294713957337341,
    0.004175065177277921,
    0.004541676202894544,
    0.003984209636110135,
    0.00401351576938874,
    0.0043453916072038684,
    0.004067468678727032,
    0.0038345778035784404,
    0.003963565806051773,
    0.0036790099599543096,
    0.003878737109793208,
    0.0041987499163640835,
    0.0037584037996281133,
    0.0035723245174294847,
    0.003456565251385264,
    0.0038104867855928443,
    0.003790093459932893,
    0.0031538532408771493,
    0.003072041551861349,
    0.0030287891985565545,
    0.0032054657682315576,
    0.0030129769185495265,
    0.002777673013618006,
    0.0030837798476708016,
    0.0025896239838141847,
    0.0028207182219029494,
    0.0023047868584673867,
    0.0021250096412428862,
    0.0023666012547359522,
    0.0021415889546303525,
    0.001772304838013134,
    0.0019540227597350307,
    0.001339262300711202,
    0.002887084509619447,
    0.0011479281079220013,
    0.001829327918883133,
    0.001081100167748456,
    0.0015445672104961112,
    0.0015100868919109033,
    0.0009839992011010463,
    0.001294873023300705,
    0.0011161450327269189,
    0.0011033305199241235,
    0.0007665061703652078,
    0.0016181981353644973,
    0.0007523645111006535,
    0.0008192677563867326,
    0.0016353134314246085,
    0.0008552993645214585,
    0.001219389383065559,
    0.0007445680443437505,
    0.0009192325524947439,
    0.0007135088827949969,
    0.001260371714895502,
    0.0006525102174455966,
    0.0007861672424797901,
    0.0010020536387067194,
    0.0008559739548620736,
    0.0008643812481581076,
    0.0007364395035794502,
    0.0006842816391449751,
    0.0006599613878451421,
    0.0009559278976042941
  ],
  "valid_loss": [
    0.02068517193438862,
    0.014187322220916983,
    0.0118951162991265,
    0.012822359219526765,
    0.009894474533396312,
    0.011517338451242788,
    0.008270408062396263,
    0.011202984877148091,
    0.012238865180317325,
    0.007836390429492865,
    0.006010292219252316,
    0.007043401111995215,
    0.006305565505770086,
    0.005409327633030509,
    0.0064112571696742495,
    0.004477562887419531,
    0.006170056147151683,
    0.004642425026132686,
    0.006429931206369212,
    0.0036850732322670546,
    0.0054801030024297925,
    0.0038768958661287785,
    0.0037148393635872846,
    0.003612063073019893,
    0.003911795056864271,
    0.0037925156049761224,
    0.004015845121106691,
    0.0034520630541483503,
    0.0035445896716902047,
    0.006063998750685171,
    0.0043300097158337466,
    0.003759052415227467,
    0.005212485996518547,
    0.004926805246093615,
    0.006079263332029358,
    0.004707611887325761,
    0.003736297043448531,
    0.0035402536920228194,
    0.0038563312253406925,
    0.006341803147631022,
    0.003337191130098637,
    0.00320119498714387,
    0.0041354139706769825,
    0.003808811263010984,
    0.003449557743920273,
    0.004385565309685408,
    0.0036376340174594252,
    0.004185579708450932,
    0.003410895459527476,
    0.00374135060528971,
    0.0031864856157322002,
    0.0037383713160171264,
    0.0035553127583318714,
    0.003532411881450348,
    0.0034738513698369033,
    0.0033158611187373197,
    0.003165693382366585,
    0.002869431314888918,
    0.0034026684392422903,
    0.0036479059816336644,
    0.00334038022558944,
    0.0031821691524431344,
    0.0033918742453441435,
    0.003329940850964429,
    0.003486807588040868,
    0.0032642699256833336,
    0.00453395059475916,
    0.0030844843475484147,
    0.0031804022753040427,
    0.003371534214754997,
    0.0034695223593929586,
    0.00447516852752304,
    0.0032538794808999044,
    0.002634388002504642,
    0.003254295829423557,
    0.0029452063314686127,
    0.003322820732626569,
    0.0033613570911430043,
    0.00385554577645954,
    0.004146003012118134,
    0.002807900384414803,
    0.004053051844627884,
    0.0028246290133810176,
    0.004157822142253546,
    0.003043934127145915,
    0.004245189126139605
  ],
  "valid_psnr": [
    17.77197187034076,
    19.57326275867765,
    20.486283823321283,
    20.65328827406826,
    21.557463181336633,
    21.350341499830368,
    22.701329705268915,
    22.11152260293611,
    21.33287215429199,
    22.873062830000013,
    23.939374929934488,
    23.59893278721546,
    23.80380344143871,
    24.146867334822353,
    24.058289021622635,
    25.52345880720518,
    24.28985208878118,
    25.22987076654259,
    24.040938721832358,
    26.53980004939096,
    24.74343021652403,
    26.481106003947577,
    26.505502795484233,
    26.739006704287124,
    26.28252192435105,
    26.329321496180803,
    26.108461575326995,
    27.040159656823242,
    26.82486658481779,
    24.453911819486134,
    26.189841524458377,
    26.726604010827355,
    25.64061990430208,
    25.572623474652623,
    24.675093412504843,
    25.51248564160895,
    26.743629462586156,
    26.873321213323724,
    26.67671331520764,
    24.660434658782563,
    27.437303754994602,
    27.608322700086767,
    26.55476015897821,
    26.540429267010868,
    27.663149772342667,
    26.168010089105046,
    26.445686111266607,
    27.224871627598148,
    27.18459788599019,
    26.859078789552132,
    27.45003153467087,
    26.63860209996367,
    27.18669610305989,
    27.690962500819797,
    27.73742841631195,
    27.75574088994164,
    28.087294587772387,
    29.171554099422558,
    28.478368857111857,
    27.165941856319453,
    28.535954315933246,
    28.42893731370328,
    28.041147635780963,
    28.352456697220592,
    28.380116027692946,
    28.374107313059223,
    27.947562725073986,
    28.949935260022823,
    28.184666952762818,
    28.551640306631313,
    29.123208287702706,
    27.419635666689057,
    27.92809951919411,
    29.55059707840076,
    29.236883863598376,
    28.993296132251984,
    29.057865942565083,
    28.602888471982116,
    28.635719559721185,
    27.112317571772483,
    29.645222902411504,
    27.91468612584939,
    29.648850181970435,
    27.607236310862092,
    29.825805469381187,
    27.025246622378067
  ]
}