{
  "noise_type": "raw",
  "noise_param": 0.4,
  "train_loss": [
    0.18648683234220437,
    0.10786023024920113,
    0.08297094599275785,
    0.03861405982733243,
    0.021841702515624124,
    0.017465667454801114,
    0.01399143955114175,
    0.01170861563657407
  ],
  "valid_loss": [
    0.1095437103276462,
    0.10202616891521162,
    0.05426758250855217,
    0.023958979770425975,
    0.02325173177613781,
    0.014930508842648777,
    0.01078964464195941,
    0.009375522468851356
  ],
  "valid_psnr": [
    9.805265112417588,
    10.14411566715555,
    12.883241236009015,
    16.62270954252891,
    16.927289174176522,
    19.175362317501467,
    20.30232657920026,
    20.88865149903775
  ]
}