{
  "noise_type": "lower",
  "noise_param": 0.4,
  "train_loss": [
    0.00487476758742151,
    6.830513951741695e-05,
    8.327361177147603e-05,
    6.561066624885645e-05,
    6.762675245310572e-05,
    6.604954124504274e-05,
    6.2459885662705e-05,
    6.822507205106208e-05,
    5.0091728416642784e-05,
    4.7573832958000744e-05,
    5.3996727905949806e-05,
    4.0368141862873496e-05,
    4.477477573945016e-05,
    4.905982706804745e-05,
    3.9369215967235254e-05,
    4.0059935892727476e-05,
    3.555062973681847e-05,
    4.439848439263194e-05,
    4.0674208139286606e-05,
    3.381630807682099e-05,
    3.9172234153639997e-05,
    3.7147514310787225e-05,
    3.426613256686742e-05,
    3.4508870896037803e-05,
    3.7083929557271906e-05,
    3.615797359620528e-05,
    3.109075574843646e-05,
    3.320613974172116e-05,
    3.1642184938521867e-05,
    3.0266120370308655e-05,
    3.12238889797819e-05,
    3.588077636725125e-05,
    3.592709486930083e-05,
    2.8008354157606535e-05,
    3.0375625378546054e-05,
    2.9862743850033482e-05,
    3.261424722090364e-05,
    3.025409493254983e-05,
    3.35604544829693e-05,
    2.699735667964715e-05,
    3.20953090616322e-05,
    3.0053601211567078e-05,
    2.8047202390016717e-05,
    2.9588184177290147e-05,
    2.9395936254338515e-05,
    2.9982090973917122e-05,
    3.018471505474369e-05,
    2.9128111132269663e-05,
    2.708344652793684e-05,
    2.867437874960891e-05,
    2.8939702217341985e-05,
    2.6850749568350794e-05,
    2.950883264974942e-05,
    3.006189549740944e-05,
    2.7776434446829545e-05,
    2.6948656546587404e-05,
    2.7583595477035733e-05,
    2.5124469838661343e-05,
    2.723500277689974e-05,
    2.7062962353227075e-05,
    2.554561385940676e-05,
    2.887614726468314e-05,
    2.7710511830239006e-05,
    2.5838413289603037e-05,
    2.7124027316638412e-05,
    2.5207897256552986e-05,
    2.54892902597114e-05,
    2.555086406477604e-05,
    2.5943295980665872e-05,
    2.4459720674351295e-05,
    2.7327701090264343e-05,
    2.595655177609655e-05,
    2.7148127611104404e-05,
    2.5047315474054404e-05,
    2.53908843313362e-05,
    2.654800881787741e-05,
    2.5017370866183634e-05,
    2.3833051788968307e-05,
    2.5424567280571333e-05,
    2.484284294867699e-05,
    2.4686009404910787e-05,
    2.4978128493342096e-05,
    2.4151429584887837e-05,
    2.3183491069613936e-05,
    2.5971846966791975e-05,
    2.441430276032242e-05,
    2.311252033775013e-05,
    2.4468087381854977e-05,
    2.4872738698982336e-05,
    2.349528900751301e-05,
    2.4194618188676002e-05,
    2.4687432782981326e-05,
    2.479776927723351e-05,
    2.29438923949745e-05,
    2.3648252922328874e-05,
    2.421637489008737e-05,
    2.2927763656080858e-05,
    2.4601592701628422e-05,
    2.3314874369504288e-05,
    2.3488214958499625e-05
  ],
  "valid_loss": [
    5.878444750941978e-05,
    6.787799744696824e-05,
    4.979385833738332e-05,
    0.00010750653281002819,
    4.49978132863777e-05,
    0.00017414952647842438,
    3.605212721093005e-05,
    5.1334793511499456e-05,
    6.0979716674344294e-05,
    3.893773105059238e-05,
    3.673615235919831e-05,
    3.109237438013548e-05,
    6.603275184341665e-05,
    3.0064411491654396e-05,
    2.7744254399598596e-05,
    4.560812796212966e-05,
    2.7557296592809344e-05,
    2.9955817393511672e-05,
    2.8491291994326032e-05,
    2.6764707563752218e-05,
    5.424814090442019e-05,
    2.799830218680999e-05,
    2.5530772932762862e-05,
    2.515672811360308e-05,
    0.00010446146184752939,
    2.6490328104570967e-05,
    2.8522084678764308e-05,
    2.3901815302421465e-05,
    2.6757547728891073e-05,
    3.446355829045882e-05,
    2.522577565881344e-05,
    2.402852365448985e-05,
    2.5150857846928805e-05,
    3.516386670937436e-05,
    2.5473666854981616e-05,
    5.7496854028574056e-05,
    2.560941884789009e-05,
    2.8562982562265903e-05,
    2.396230577607605e-05,
    3.7319229609831887e-05,
    2.2685238576600357e-05,
    2.383085381704748e-05,
    3.356209661222792e-05,
    2.2986861980833512e-05,
    2.4347965386768402e-05,
    2.266067725226342e-05,
    3.234473091101409e-05,
    2.828222651317831e-05,
    3.0127699885094566e-05,
    2.4486429686069327e-05,
    2.7137580124086093e-05,
    0.000183148996260565,
    2.3940237494163317e-05,
    2.642773500297096e-05,
    2.933350595049042e-05,
    2.489286154751634e-05,
    3.1119163922141524e-05,
    3.073824715024084e-05,
    2.3607430410002245e-05,
    2.3575948778770752e-05,
    2.7433714929031523e-05,
    2.3284804589359645e-05,
    2.4351484419063945e-05,
    2.4761195936092928e-05,
    3.7008939440176837e-05,
    2.1683959128171496e-05,
    2.2504543930945972e-05,
    2.3676196440210606e-05,
    2.952653337348506e-05,
    2.2262284073138325e-05,
    2.257789345390943e-05,
    3.074170816021073e-05,
    2.174489051524893e-05,
    2.243587008109231e-05,
    2.281667133960264e-05,
    2.5161259984068906e-05,
    2.168828452118276e-05,
    2.531706432452779e-05,
    2.319243389173896e-05,
    2.1780733703354757e-05,
    2.5390769108543656e-05,
    2.3909366731452512e-05,
    2.503697558970795e-05,
    5.253999416873e-05,
    3.1360823016491626e-05,
    2.154358914806417e-05,
    2.1957056238878795e-05,
    2.2917050043957802e-05,
    2.187015660823512e-05,
    2.307569977385615e-05,
    3.958859028951179e-05,
    2.1844892858884042e-05,
    2.2755052421305396e-05,
    2.244754989311712e-05,
    2.3325397404904182e-05,
    2.1252719260519595e-05,
    2.186293058050549e-05,
    2.1947552468668434e-05,
    2.2702702794283683e-05,
    2.3091779785909366e-05
  ],
  "valid_psnr": [
    44.30726453117657,
    42.810036719343856,
    44.86401183643204,
    40.25358456474302,
    45.25655041560908,
    37.96409457163158,
    46.94116661167973,
    44.52862876520018,
    43.09660561447773,
    45.79205473864549,
    46.294231156936114,
    47.57490399368281,
    42.49377823720847,
    47.73416043988608,
    48.31743640909518,
    44.45327517305543,
    48.194949495889155,
    47.531804042959145,
    47.794378985851864,
    48.57461145284367,
    43.412891790278906,
    48.10764160779519,
    48.679275838858345,
    48.7868553016412,
    40.17336690605525,
    48.2746510208003,
    47.527224059352534,
    49.15543264377377,
    48.06241780800602,
    46.01772996355403,
    48.49510729047001,
    48.980837743597064,
    48.518242443827305,
    45.837459335456074,
    48.57958713009719,
    43.051759630893905,
    48.284599039652925,
    47.37705501401107,
    49.038672982037866,
    45.44141106001893,
    49.45359451412766,
    49.019663809044104,
    46.19137228835582,
    49.26154331922267,
    48.68869068745022,
    49.37299723877054,
    46.430730829574735,
    47.485461197166046,
    46.91340694288558,
    48.65215688194334,
    47.793503214644396,
    37.60287688440057,
    48.70483871933686,
    47.96847400178647,
    47.04305301441802,
    48.914162934148926,
    46.622029179989,
    46.719935938826126,
    48.992597178505235,
    48.890702917075146,
    47.56399793976258,
    49.02855113311393,
    48.825599076641986,
    48.373035348174284,
    45.52177895156618,
    49.680905643413645,
    49.27645303049731,
    49.12530523240214,
    46.97651430331446,
    49.512380208645055,
    49.498579882078715,
    46.793456141984905,
    49.663622752161814,
    49.37454954225202,
    49.44462997682585,
    48.483701776289855,
    49.66603652463239,
    48.27207772246709,
    49.112929987010205,
    49.65662850039505,
    48.216249519906114,
    48.77674465720401,
    48.28834300293452,
    43.61219866000304,
    46.58890299981465,
    49.721685168865235,
    49.57718628789509,
    49.0351572167491,
    49.57793239831752,
    49.16224457397504,
    45.06959688189096,
    49.636432415406446,
    49.35270998627945,
    49.559364025480164,
    49.06548887491552,
    49.83820216498074,
    49.58611316497498,
    49.62382068638958,
    49.16024816135103,
    49.0829802756515
  ]
}