{
  "noise_type": "raw",
  "noise_param": 0.7,
  "train_loss": [
    0.03272315902065985,
    0.01401883687642269,
    0.011761713755923433,
    0.012761314400287316,
    0.010774964612637937,
    0.009392785588359003,
    0.008350127879234136,
    0.007861459718349553,
    0.0075703494827828195,
    0.006743992644878834,
    0.00751972238147747,
    0.005943629250994388,
    0.006528426228974424,
    0.005832903012501578,
    0.005684110808438145,
    0.005562135098418311,
    0.0051655668133630765,
    0.005559185549171842,
    0.005312800407871665,
    0.004892298272357496,
    0.004965065394465148,
    0.004964459700890308,
    0.005102443204115242,
    0.004688083986667939,
    0.0045700523453359706,
    0.004447138118817291,
    0.004577761647262802,
    0.004676646257877836,
    0.004175893095984149,
    0.004203225756334435,
    0.004225336693690791,
    0.0037093871308372444,
    0.004197698367035703,
    0.004028122529287687,
    0.003971287087940513,
    0.0035158327161091776,
    0.0037877171684178364,
    0.003856602567355266,
    0.003798000544429661,
    0.0033674983887289687,
    0.003581963637758526,
    0.0034272593495558,
    0.0029802742174965756,
    0.0031001454966047785,
    0.003062821867502279,
    0.0026886935373769127,
    0.002920794895284717,
    0.0022779501281535606,
    0.002430127422511559,
    0.0022923693625352902,
    0.0020880441390410884,
    0.0019191254675708258,
    0.002264486440262312,
    0.002087156015574588,
    0.0020070064406071935,
    0.0018376433676764198,
    0.0016064923862239362,
    0.0018145809719628053,
    0.00200553743973064,
    0.0015818209238327838,
    0.001798360293923175,
    0.001958098369547966,
    0.0016097916925181695,
    0.0014031432101746782,
    0.0013489553698820636,
    0.001852852479126132,
    0.001410326889781379,
    0.0016657891386489259,
    0.0013399189064869622,
    0.0011066357947038116
  ],
  "valid_loss": [
    0.014438452685193243,
    0.011117651835545713,
    0.011493070966589868,
    0.009088345420879919,
    0.009705752787371923,
    0.010041960871657757,
    0.007444557446599163,
    0.009680600549586749,
    0.006507260184564838,
    0.007504019331581864,
    0.005979658758105244,
    0.0062010763258926556,
    0.006819611450479591,
    0.006331998070596961,
    0.005103583615998163,
    0.0058833858230828255,
    0.004695068900845341,
    0.004897195517606433,
    0.004812267304317281,
    0.005286854300204079,
    0.005568307979363465,
    0.009740415133497991,
    0.004084400944990559,
    0.004587672471104347,
    0.0050607824340110534,
    0.0051777516195070285,
    0.007309708608019994,
    0.004893651509144644,
    0.004517713562463099,
    0.0052334655005713375,
    0.004268301614962911,
    0.0037320415910691534,
    0.003932814211076384,
    0.004737465190821355,
    0.004011475214031415,
    0.006139322954761062,
    0.0037943350016817205,
    0.004006369223590071,
    0.004420812761183153,
    0.003991898736075981,
    0.003964928090862412,
    0.003527886648248241,
    0.00408361019497401,
    0.005708074620829343,
    0.0035548043482514415,
    0.0039894396224366335,
    0.004615646602253287,
    0.0034221505426682425,
    0.005129931861401187,
    0.003867439200071945,
    0.004917621689824782,
    0.004663012813767334,
    0.005425474125304336,
    0.0031555025090309686,
    0.004745112144648479,
    0.0036899260339041564,
    0.003425830786476401,
    0.00539565122479958,
    0.0043652688801324,
    0.0054645070433509855,
    0.0035811027384829563,
    0.003682276761306016,
    0.0037984188672511025,
    0.003444219870994761,
    0.003971428747255159,
    0.0034077589000544783,
    0.004289349836247448,
    0.004126447578037183,
    0.003487080892134601,
    0.0034550979316822395
  ],
  "valid_psnr": [
    19.278733415462877,
    20.829363924484532,
    20.681761233297077,
    21.972809422293274,
    21.41405034904444,
    22.11474371020748,
    23.014770661520732,
    22.407035386257366,
    23.22833553474245,
    22.781958750143794,
    24.13226468280061,
    23.994103175987735,
    23.434047967921856,
    24.095131031593706,
    24.76553194066887,
    24.36733045643821,
    25.4481043013322,
    25.330479790028292,
    25.623822898173923,
    24.940794856048758,
    24.724123167954403,
    22.159030590649763,
    26.299335714432978,
    25.656132001499035,
    24.93482122170185,
    25.57553996337752,
    23.840001376720366,
    25.284034096149323,
    25.38992095406161,
    25.899392446729234,
    26.08007459382674,
    26.548183669679034,
    26.82707979681074,
    25.655384873592485,
    26.859429457856226,
    24.600539802109274,
    26.408530369412517,
    26.87148334194135,
    26.101628961579372,
    26.86008189331477,
    26.438186927219746,
    27.04929427491658,
    27.187684866629397,
    25.533825395916683,
    27.24866078785715,
    27.191443279673443,
    26.21228380674111,
    27.775675010324942,
    25.812174087677004,
    27.67515132484825,
    26.080211081770347,
    26.958292170142307,
    25.683820513866927,
    28.726469034960157,
    26.3756673142032,
    28.146897652342002,
    28.056027399001433,
    26.23457099066716,
    27.97110288567294,
    27.291062327532384,
    28.216493836058067,
    28.558598339108762,
    27.9945430629342,
    28.509323418845565,
    27.9910935251365,
    28.515309268867973,
    27.374057855535355,
    28.40605781057195,
    28.582242629211898,
    27.89936193817597
  ]
}