{
  "noise_type": "lower",
  "noise_param": 0.4,
  "train_loss": [
    0.21038861831373618,
    0.12077964212917412,
    0.10905589053672657,
    0.10887757992089833,
    0.10884798335055043,
    0.10885475287166685,
    0.10884793652603163,
    0.10884670432815632,
    0.10881032157736147,
    0.10888430116965428,
    0.10884287227639024,
    0.10885766394825724,
    0.1088634526375999,
    0.10886795747225513,
    0.10885445354733016,
    0.10881693850484644,
    0.10886837809593021,
    0.10886766458672442,
    0.10888468134493261,
    0.10882795102101542,
    0.10891475344037879,
    0.10890115427283814,
    0.10887549464008395,
    0.1088660085816786,
    0.10887547179577638,
    0.10887641397389956,
    0.10884667291709722,
    0.10884177056759799,
    0.10886684722450908,
    0.10886233394687359,
    0.1088548691117683,
    0.1088530646337319,
    0.10887041050050485,
    0.10884890202266036,
    0.10884854718169205,
    0.10883341443095783,
    0.10882882657148109,
    0.1088389657512932,
    0.10883890637728759,
    0.10882412711885027,
    0.10881989207036585,
    0.10884912095190313,
    0.10883794757798931,
    0.10882909778742092,
    0.10882233666736804,
    0.10882684282232712,
    0.10883313634240115,
    0.1088322388002374,
    0.10881826260733284,
    0.10883550658630194,
    0.10883769258066306,
    0.1088364658344294,
    0.10883745710767431,
    0.10882781373606076,
    0.10883515523090556,
    0.1088227492888294,
    0.1088362278780493,
    0.1088282177200807,
    0.10883909338091607,
    0.10882928658752948,
    0.10883135161035845,
    0.10881807736004591,
    0.10882050601626941,
    0.1088137762522797,
    0.1088230501949548,
    0.10881600164773848,
    0.10882332559488164,
    0.10881667624226611,
    0.10882042226511454,
    0.10882131529480323,
    0.1088180593246245,
    0.10882456355171759,
    0.10881582912639332,
    0.10881526473959224,
    0.10882336603656742,
    0.10882089395477867,
    0.10881805235433228,
    0.10882144254150156,
    0.10882198951445557,
    0.10881221820554529,
    0.10881597718237437,
    0.1088292941299284,
    0.1088177795811109,
    0.10881750292219235,
    0.1088166711456693,
    0.10881920132714458,
    0.10882104431326486,
    0.1088122821484083,
    0.10881328245930989,
    0.10881057084968287,
    0.10881652046168959,
    0.10881107705778331,
    0.10881062823028843,
    0.10881068365660537,
    0.10880936858610113,
    0.10881130266863721,
    0.10881621066734437,
    0.10881149178669017,
    0.10881294004487022,
    0.10881052948018305
  ],
  "valid_loss": [
    0.10224750542855272,
    0.054909188563454614,
    0.05148136783445989,
    0.05076196725949118,
    0.05099399777430576,
    0.0504146663024237,
    0.05058597537410533,
    0.05102599144490939,
    0.05036591509722747,
    0.051107700823571973,
    0.050902122803956694,
    0.050838940203298794,
    0.05104670454497321,
    0.051061910824065436,
    0.05074803912043839,
    0.05078753455733254,
    0.05078486051123879,
    0.05127198062572284,
    0.050995033630672905,
    0.0518198433431511,
    0.05129888688543986,
    0.050819683750040374,
    0.05081389999172902,
    0.05077174866650294,
    0.050564723190023045,
    0.050736135189180784,
    0.05050533386808119,
    0.05111793906381572,
    0.05089995583079879,
    0.051410549093046105,
    0.051425661713848485,
    0.05120237316787725,
    0.051115282010184976,
    0.051434810310351936,
    0.05122723419773588,
    0.05099147141417661,
    0.05064952495302239,
    0.05074584152513829,
    0.05078561069909395,
    0.05091931101546123,
    0.05080048709372329,
    0.05089384337513039,
    0.05110901061088622,
    0.050986698442133126,
    0.05080425484093562,
    0.051171240761381805,
    0.05085632892571091,
    0.051105335845149646,
    0.05065876453453285,
    0.05060844175495596,
    0.05070726562788722,
    0.050676792793732196,
    0.05082658811062015,
    0.05069631597417461,
    0.05092823287077038,
    0.051344022837200444,
    0.050875799493280555,
    0.050869734478584124,
    0.050739510030413985,
    0.05068520738399915,
    0.05106535580409787,
    0.05093105728099322,
    0.05096231561128408,
    0.05090175547328688,
    0.05091274859102964,
    0.050950062053375475,
    0.0509449199695083,
    0.05087227978550266,
    0.05094221827676618,
    0.05090708876304285,
    0.050956660995862,
    0.05088873371019213,
    0.050876190288834264,
    0.0509430178157704,
    0.05102863089609581,
    0.05089913239141688,
    0.05096719525175442,
    0.050975481458976346,
    0.050917133436490764,
    0.050815589405500454,
    0.05092998962426299,
    0.05102570344053194,
    0.05106404897154585,
    0.05096744329833361,
    0.05104307278441929,
    0.050932950370766734,
    0.050893009098062984,
    0.05091587275951073,
    0.05094344540444731,
    0.050909500008618803,
    0.050939108838906545,
    0.0509596426961281,
    0.05097048335883788,
    0.05096549402628207,
    0.05095126625751364,
    0.05094963534351024,
    0.05094265833888895,
    0.051001711554932334,
    0.050968749593033304,
    0.050960735054430426
  ],
  "valid_psnr": [
    9.979041971347355,
    12.699911208138897,
    12.975302232711417,
    13.034731416320122,
    13.015516114963306,
    13.063555793875386,
    13.049330149935347,
    13.012869843967879,
    13.067606151699753,
    13.006115319087156,
    13.023119826727534,
    13.028352637032645,
    13.01115706214698,
    13.009899870069814,
    13.035886076794657,
    13.032612191643045,
    13.032833817547344,
    12.992552653154814,
    13.015430423879653,
    12.947509226553654,
    12.990333646007796,
    13.029948040721314,
    13.030427278254455,
    13.03392060215408,
    13.051094226886233,
    13.036873028557672,
    13.056025109456991,
    13.005269371481672,
    13.02329924733248,
    12.981131943787519,
    12.979887481054524,
    12.998296385124894,
    13.005488905243954,
    12.979134239154414,
    12.99624444593504,
    13.015725111397225,
    13.044056532445378,
    13.036068271891498,
    13.03277164121573,
    13.02169680671264,
    13.031538750061333,
    13.023805364249267,
    13.00600709121894,
    13.016119975718345,
    13.031226519683198,
    13.000866721932306,
    13.026912203619911,
    13.006310741239766,
    13.043289980660374,
    13.047465541281941,
    13.039266973656526,
    13.041794430033464,
    13.029375981840207,
    13.040175086645378,
    13.02095825105142,
    12.986612721646393,
    13.025299577107026,
    13.02580187486374,
    13.03659321202532,
    13.041096456420526,
    13.009615080262938,
    13.020724457704345,
    13.018137432146204,
    13.023150240648647,
    13.022240086375557,
    13.019151479493114,
    13.019577049408138,
    13.025591072078926,
    13.019800655565115,
    13.02270866963093,
    13.018605367118946,
    13.02422847068627,
    13.025267212786021,
    13.019734480962885,
    13.012651566101386,
    13.02336742722792,
    13.017733648737343,
    13.017048019875794,
    13.021877077049504,
    13.030287292369032,
    13.020812833322548,
    13.01289366175806,
    13.009723112399822,
    13.01771312373304,
    13.011457349516895,
    13.020567758770946,
    13.023874445329447,
    13.021981443536694,
    13.019699091385514,
    13.022509037038777,
    13.020058015853941,
    13.018358620088918,
    13.017461573101107,
    13.0178744206255,
    13.019051819954116,
    13.019186794133468,
    13.01976423334562,
    13.014878014225628,
    13.017605033126825,
    13.018268225037584
  ]
}