{
  "noise_type": "lower",
  "noise_param": 0.4,
  "train_loss": [
    0.08625808160342197,
    0.020872069732378987,
    0.016994612587430576,
    0.01578233491966492,
    0.014990106264266702,
    0.014330465201020255,
    0.01412317642789527,
    0.014260084365616408,
    0.013425155813395267,
    0.012703986990032732,
    0.012868585921347838,
    0.013325935389864417,
    0.013471429676672558,
    0.01243929992065385,
    0.012909776720766741,
    0.012936258113174516,
    0.012364913376816937,
    0.01238724926483573,
    0.012514087600525208,
    0.01116361387565101,
    0.012044983853258818,
    0.011665092394548297,
    0.011851903416646424,
    0.010688784892399234,
    0.01106678298776254,
    0.011462184866422384,
    0.011626382118635332,
    0.010743823658564617,
    0.011308695119921374,
    0.010966525555179869,
    0.011328383665988186,
    0.01079449836878642,
    0.011189192652865372,
    0.010683797232073158,
    0.010129741461566222,
    0.011048976726252999,
    0.01054214556915732,
    0.011591371017146437,
    0.010185953130168372,
    0.010184129837821463,
    0.011233303081894111,
    0.009735725963553241,
    0.010470179266980467,
    0.010270928029897224,
    0.010200050067653258,
    0.011273096259958808,
    0.009517652879909666,
    0.010167586033766517,
    0.010143087436573113,
    0.01023010181254612,
    0.010411635877755223,
    0.009333406050776585,
    0.010364081642787206,
    0.009864299387516033,
    0.010002500203689752,
    0.00964203313333163,
    0.0098340878920144,
    0.009849260570775235,
    0.009454202582922596,
    0.009900510450773226,
    0.009495436487141008,
    0.009423043356386013,
    0.007887941044567498,
    0.0077437292391532705,
    0.007681878701018161,
    0.008034259994228994,
    0.007662492178744808,
    0.007623596540568036,
    0.00754045143599315,
    0.007977517270589483,
    0.007457596661536666,
    0.007726260088995856,
    0.007551406157174753,
    0.008022645880375141,
    0.00734106432739793,
    0.007630896816426865,
    0.007307304112516011,
    0.007249727598284255,
    0.007730341483685007,
    0.007268974271785785,
    0.007285460722151996,
    0.007128514212393829,
    0.007404596125567814,
    0.0074298607982061365,
    0.007198882246977479,
    0.007326463253958393,
    0.007031920020529983,
    0.007274166974772984,
    0.007428468523426151,
    0.007132050396521455,
    0.006594318275708861,
    0.00647828548372941,
    0.006639039113893021,
    0.0064299840026448875,
    0.006601267217010132,
    0.006362572630698576,
    0.006429450899748329,
    0.006578755622877408,
    0.006319146256627582,
    0.0065404613515280575
  ],
  "valid_loss": [
    0.02645493060665288,
    0.02126490419195011,
    0.014111268492003793,
    0.013552919843419413,
    0.014423714733615587,
    0.012771461117531625,
    0.015478612159458326,
    0.01793192835026405,
    0.015866193457092496,
    0.011735493094857614,
    0.013020072595790803,
    0.011214834210559705,
    0.013115999204158239,
    0.011582485057865978,
    0.015801589557798718,
    0.011346666292551202,
    0.014480623623812095,
    0.013357936098869778,
    0.01088193839496066,
    0.011978058217540461,
    0.013875870059770876,
    0.011748294398195266,
    0.012271460705416147,
    0.01105271028456441,
    0.010290003614514943,
    0.011834158875045667,
    0.010438358086782468,
    0.009940394041779061,
    0.01041170826675151,
    0.01659741954879963,
    0.011519212641725124,
    0.012230457032105051,
    0.011420142917905125,
    0.01310987826754109,
    0.012130112760450252,
    0.009815940680990684,
    0.010049600889669616,
    0.010639333517326054,
    0.010313729786799002,
    0.011020319794219387,
    0.013647814150943398,
    0.013226682478098153,
    0.010982674221906958,
    0.011105520669264719,
    0.01572517200758987,
    0.009952668921627602,
    0.0099310192051453,
    0.013439440358907175,
    0.011212166173751153,
    0.012715257836492305,
    0.012093713406021464,
    0.010949773910355674,
    0.012774112821703125,
    0.01045204297857932,
    0.011165332800650194,
    0.011103296645435152,
    0.01045222662233602,
    0.010234780233879283,
    0.013039604187851899,
    0.010480705801238398,
    0.011579432661690207,
    0.011435612544503168,
    0.01154609269952971,
    0.0097872782088761,
    0.009850490680941534,
    0.010519444737570069,
    0.010397634889592063,
    0.009867236284021983,
    0.010206573682511254,
    0.010521942213085956,
    0.009983199185529507,
    0.00998364816979842,
    0.013919707514915494,
    0.00992271881257415,
    0.009935685899358037,
    0.009928854660974862,
    0.009989699182077757,
    0.010639387501973597,
    0.010307473563815993,
    0.009969964133001406,
    0.010116282651863989,
    0.010655043970634466,
    0.010057584914173495,
    0.01004998935568903,
    0.009985113681040771,
    0.01012200533687276,
    0.010028793059505558,
    0.010022269050088843,
    0.010241394198695063,
    0.01055027087283488,
    0.010001811356954065,
    0.010216146561213387,
    0.010151904659260295,
    0.010009204615093673,
    0.010019218685478457,
    0.01012606276696607,
    0.010101296410665043,
    0.010055631320410997,
    0.010089400653925237,
    0.010755388758523167
  ],
  "valid_psnr": [
    25.110207089402575,
    30.338959628237657,
    32.57272561538289,
    33.03833092341612,
    33.04450560966988,
    33.59938632071914,
    33.05195690114744,
    32.39338015588969,
    32.69713549214975,
    34.22140205250385,
    33.82888238596719,
    34.48590201739783,
    33.96780489193188,
    34.46722878649248,
    33.193924978261414,
    34.65781292552379,
    33.69367792689967,
    34.030552515901626,
    34.72792443525298,
    34.48714190104553,
    33.87422163153458,
    34.558435970178635,
    34.51691150385722,
    34.84024650896907,
    35.00080640143684,
    34.62358198955265,
    34.90314530353677,
    35.06387066455263,
    34.98439017368865,
    33.05364742974236,
    34.666282631046926,
    34.427959358121754,
    34.69359552164334,
    34.1718305672558,
    34.45599526606846,
    35.11040146786729,
    35.02744958461142,
    34.91286486996479,
    34.92207090023472,
    34.74600019149694,
    33.85289895303695,
    34.057601809736624,
    34.74668328890591,
    34.704262640166725,
    33.240077458630125,
    34.9928347102323,
    35.04862475487337,
    34.05874242563799,
    34.63733296172991,
    34.221752329927796,
    34.42630555292444,
    34.629478828537025,
    34.194189625930456,
    34.84914180864271,
    34.65173741931459,
    34.61886785597007,
    34.72753607574253,
    34.835697160935446,
    33.97208606803479,
    34.774363331810605,
    34.42923272758867,
    34.479429939434816,
    34.55669281875461,
    34.93758020346861,
    34.82201319596719,
    34.742698556711005,
    34.780477115750934,
    34.84679341026881,
    34.797050977379534,
    34.69671696380315,
    34.84170579098712,
    34.69458589226954,
    33.74559991167605,
    34.69099181556844,
    34.714510203347,
    34.71856349141133,
    34.70812061939263,
    34.58271191450404,
    34.64293450253219,
    34.686052341708354,
    34.643151367548505,
    34.51658163869578,
    34.65187577311206,
    34.666675797686494,
    34.62331058512051,
    34.61834949531586,
    34.58605005679324,
    34.6524098922858,
    34.561905708483145,
    34.50842870263082,
    34.6135481426279,
    34.54811402385125,
    34.52798570720695,
    34.59071038505688,
    34.58636197340369,
    34.56661969713528,
    34.4977151738437,
    34.524194090660735,
    34.49263134082487,
    34.388955183483034
  ]
}