{
  "noise_type": "lower",
  "noise_param": 0.4,
  "train_loss": [
    0.054697225284640105,
    0.05467124949576209,
    0.05466658275482798,
    0.05466393012151985,
    0.0546518145025229,
    0.054671867862096386,
    0.05465855879763389,
    0.05468638521608022,
    0.05467621405296142,
    0.054679642951478924,
    0.054690104315482914,
    0.05465546418685518,
    0.05466524993345383,
    0.054671292237119404,
    0.05468646783176852,
    0.05465612982430109,
    0.05468401073738776,
    0.054668204947883936,
    0.05466657515886389,
    0.05468397711890391,
    0.054659039266665,
    0.05466053718115787,
    0.05463541480395779,
    0.054672916293834944,
    0.05467897408643612,
    0.054660004403335107,
    0.05466528922934644,
    0.05467164472347303,
    0.05467642245614091,
    0.054661320124157114,
    0.05466791774882462,
    0.054667339497226554,
    0.05465841401146651,
    0.054640937637029596,
    0.0546712832065621,
    0.05468114610252115,
    0.05467001609894373,
    0.054662003783231376,
    0.054671146723286705,
    0.05466711782517864,
    0.054656450517460604,
    0.05466479105661186,
    0.0546571912933859,
    0.054673890928332344,
    0.054667224004568596,
    0.05466817081531198,
    0.05464976914064192,
    0.05467956161133356,
    0.05467022324786885,
    0.05466559361440247,
    0.05466955938118825,
    0.05466573059143513,
    0.05466384376765676,
    0.05468168863179668,
    0.05467285252824757,
    0.054634920526666485,
    0.054650898217567224,
    0.05465406200128129,
    0.05465268107649553,
    0.05464775593328647,
    0.0546561116715159,
    0.05465381925596222,
    0.0546463967654732,
    0.054657068220996405,
    0.054640799098700184,
    0.054662457992130785,
    0.05465468325016523,
    0.05464114758415221,
    0.05464752710202705,
    0.054660387472327494,
    0.05464794412200609,
    0.05465228624524462,
    0.05465036485033232,
    0.05465616000136351,
    0.05464167089222403,
    0.05465788201493925,
    0.05464589120446443
  ],
  "valid_loss": [
    0.035844775799642355,
    0.0360032417928465,
    0.03748109796960612,
    0.03754801501013282,
    0.035842311722866164,
    0.03523067942082777,
    0.036005009990330045,
    0.037655741245844934,
    0.03655222809435245,
    0.03682021005743293,
    0.036591662625394206,
    0.03748458875150919,
    0.037332831028711926,
    0.037457307320340964,
    0.03682721346803228,
    0.03734013474808435,
    0.03539549006371949,
    0.035006714287708046,
    0.03548738833895314,
    0.03691153681082904,
    0.034367094641545165,
    0.035143666729596144,
    0.038214933397542554,
    0.03736231036980898,
    0.03637197688629418,
    0.03612557196050703,
    0.03594757594638673,
    0.03479349576152244,
    0.03710244540587091,
    0.03370786126028979,
    0.03481715687273343,
    0.035012490726673,
    0.03726632971046323,
    0.035265957928657485,
    0.034868244129943396,
    0.03675990080230981,
    0.037152716130094875,
    0.03560661332687816,
    0.037468158475375254,
    0.0344332901078322,
    0.03636292102769834,
    0.03724933271085662,
    0.03610463891416913,
    0.03761542951148797,
    0.03557354595130534,
    0.03542145863740514,
    0.03603640593764436,
    0.03702718192739593,
    0.03738143898938338,
    0.03673959326464401,
    0.0364242364728867,
    0.03615884563503366,
    0.03452966506079011,
    0.03705251132409422,
    0.03686266425754357,
    0.03899443674943029,
    0.03513775802691462,
    0.03598770609500543,
    0.03627858071460129,
    0.03698772678779997,
    0.036937258659329585,
    0.03576569578185004,
    0.03568525260424165,
    0.03625484961952233,
    0.03730842515990874,
    0.03676325954092454,
    0.03709201714233911,
    0.03520619112117954,
    0.037127267324760585,
    0.03587612794956602,
    0.03725241908984127,
    0.036453877357620956,
    0.0355258294352719,
    0.035979577952163416,
    0.03501493568361866,
    0.035986677156933246,
    0.035585274103138394
  ],
  "valid_psnr": [
    15.374494110880375,
    15.3556484676163,
    15.182861020322605,
    15.175161482828392,
    15.374787648639032,
    15.448123924975105,
    15.355438537773058,
    15.162788560114048,
    15.290841926788348,
    15.259475763057145,
    15.286215306959757,
    15.18245910635519,
    15.199958480620129,
    15.185600942672437,
    15.258658381388187,
    15.19911502882361,
    15.428269188210175,
    15.475216686435818,
    15.417228290107122,
    15.248826149014775,
    15.5533078289169,
    15.458634402650343,
    15.098997726659546,
    15.196554908630356,
    15.312038209513338,
    15.341143136019895,
    15.362261402356257,
    15.501129868073262,
    15.22662920870876,
    15.634925588306473,
    15.498248429043093,
    15.47451629438725,
    15.207644053224156,
    15.44386808016679,
    15.492032012462406,
    15.26651948975794,
    15.220798779872462,
    15.402936247173571,
    15.184351070518822,
    15.545176273411313,
    15.313105219729708,
    15.209610089154285,
    15.343622638463431,
    15.167415378494892,
    15.406896574827572,
    15.425147077626479,
    15.351712340836725,
    15.235369632924973,
    15.194347494692586,
    15.268893262111105,
    15.30588464220608,
    15.337204134436682,
    15.53335807416279,
    15.232426587025026,
    15.25452267117654,
    15.01127108982807,
    15.459348834674588,
    15.357493283782535,
    15.323052353271644,
    15.239957032604055,
    15.245830358354942,
    15.383922270071059,
    15.393529085087694,
    15.325854372308166,
    15.202777850843614,
    15.266126979218832,
    15.227839442825575,
    15.451079961997893,
    15.2237495916628,
    15.370760556176394,
    15.209253037832406,
    15.302397408919035,
    15.412616244076368,
    15.35845871555771,
    15.47421986982211,
    15.35761548825909,
    15.405491631266306
  ]
}