{
  "noise_type": "raw",
  "noise_param": 0.4,
  "train_loss": [
    0.010136088644995904,
    0.010039152664852535,
    0.009770888885317892,
    0.009871887471176552,
    0.01006125986168589,
    0.010008827005438054,
    0.010018522785137068,
    0.00997040796756894,
    0.009741903058872499,
    0.0095993200600227,
    0.009945784117262367,
    0.009681477192443189,
    0.009779230518018177,
    0.009914226454865617,
    0.009758211739627052,
    0.009776121924198649,
    0.009593218366847154,
    0.009559348002474093,
    0.009379618707438501,
    0.009347557689210705,
    0.00981899451738626,
    0.009165975236645278,
    0.009607764928484011,
    0.009315962364711456,
    0.009436201668860743,
    0.009406142624135944,
    0.009311842848311798,
    0.009141613137577997,
    0.009347358464928474,
    0.009323964601155279,
    0.009287206670491764,
    0.009098949619243596,
    0.009276866314832747,
    0.009018754115296151,
    0.009312678713916825,
    0.00897848491490276,
    0.009136097820399414,
    0.008864796143503047,
    0.009248761862265526,
    0.00918865353523307,
    0.0088871513324011,
    0.008995306330178842,
    0.009088484347602644,
    0.008890108574090366,
    0.009732978187326982,
    0.00910102958307927,
    0.009185479230210509,
    0.008901856990926788,
    0.009072630655829276,
    0.009118000153285172,
    0.00884500240881761,
    0.009279401523517578,
    0.008940181305468944,
    0.008936009009394476,
    0.00935868507882417,
    0.009140919842540516,
    0.008874659096975216,
    0.008633777920762776,
    0.009030238833360951,
    0.008534369410484693,
    0.008888329489803122,
    0.008699918749187794,
    0.008869518015503387,
    0.008709136160957878,
    0.008477618055112357,
    0.008469864524353297,
    0.008761790696366529,
    0.008731200675962723,
    0.00857438831823455,
    0.008372966423588698,
    0.007954167518927068,
    0.007876483392287189,
    0.00791060813114561,
    0.00795926918581501,
    0.007863545164889693,
    0.00788770707190487,
    0.007686588047357738,
    0.0076303520921094815,
    0.007783168014125561,
    0.0075349654657188864,
    0.0075312703151610245,
    0.00764792420697296,
    0.0077094079688876166,
    0.007757635736021853,
    0.007618151569854176,
    0.007356910131993223,
    0.007854316196480176,
    0.007546610091693549,
    0.007463210133759227,
    0.00753393719662265,
    0.0075538635735881,
    0.007527773449992189,
    0.0076081059727280175,
    0.007579519245849461,
    0.007693292917239464,
    0.007533254569454699,
    0.007489076673992859,
    0.0074407523896646705,
    0.007464892320071868,
    0.007419218440914918
  ],
  "valid_loss": [
    0.009984923900473092,
    0.01017043167382596,
    0.011516575462206857,
    0.01008858639512175,
    0.00999893207572991,
    0.011268448162784953,
    0.010073787176779056,
    0.011412649329409563,
    0.010081860782749318,
    0.010545049979924028,
    0.010158291855624979,
    0.01021279975276676,
    0.010791792427989748,
    0.010030081016664175,
    0.00996416218543907,
    0.011370608363715657,
    0.009700272903313021,
    0.013164349866922715,
    0.010154148149532161,
    0.01243292262529511,
    0.009686208358862525,
    0.010176092485144974,
    0.01102071524785811,
    0.010318999759639336,
    0.010739707992354047,
    0.009531086137144939,
    0.009887117712817993,
    0.0103323268436601,
    0.010348953289541702,
    0.010046761938526721,
    0.010249623621922973,
    0.009561563602146812,
    0.010218059375846376,
    0.010060834287220386,
    0.009890594792239681,
    0.009872261326642979,
    0.009451861569300207,
    0.015225791248365034,
    0.009726331271232827,
    0.009338103547147645,
    0.009577536383321528,
    0.009492620320284076,
    0.009577010593052517,
    0.009290310122878028,
    0.009837640783052907,
    0.009422424129066066,
    0.010016270869396124,
    0.009295167526438552,
    0.011007896592475377,
    0.00967307409004274,
    0.009776189583266459,
    0.010249636099622162,
    0.009629832614711223,
    0.009646420448707218,
    0.009539380662633922,
    0.009513919481614496,
    0.009659067130265556,
    0.009721021281924598,
    0.009592937006815464,
    0.010233545664162234,
    0.010131707409473164,
    0.009730282457276291,
    0.009594174416225891,
    0.009478024050625138,
    0.009403639111544092,
    0.010452085514600975,
    0.00992909962561984,
    0.009711435614971703,
    0.009650443265222566,
    0.009368426412946062,
    0.009024124901662342,
    0.008913750249840247,
    0.00956835019575333,
    0.009020667259583174,
    0.009057294856873536,
    0.009239436000613669,
    0.00887345626295345,
    0.009024864893814745,
    0.008823707823896673,
    0.008984271500382378,
    0.009527791666155541,
    0.008904157287298337,
    0.009502751677853943,
    0.00982886703882916,
    0.009148884324074577,
    0.009279647554790183,
    0.009376692234248023,
    0.009011436514064544,
    0.00888130695490012,
    0.00895561134285465,
    0.009035324970601132,
    0.009150376355461322,
    0.008854131310990665,
    0.009335156303744572,
    0.009420056239767804,
    0.009106991880558241,
    0.008918370105484491,
    0.008816843564384794,
    0.009414844359812182,
    0.008912358337350287
  ],
  "valid_psnr": [
    21.238527419012765,
    21.442774305795638,
    20.838705295086985,
    21.350331601423242,
    21.47812784136053,
    20.750221656352572,
    21.53330717089119,
    20.731803152775463,
    21.5800045351048,
    21.216901991705303,
    21.24531948853968,
    21.304655134948305,
    20.872083161109785,
    21.576488439357515,
    21.504439099760454,
    20.81847665778028,
    21.748411061256956,
    20.22631604783623,
    21.493935698144075,
    20.559002453112477,
    21.55506820916557,
    21.41259506070493,
    21.257603800460952,
    21.362129257813596,
    21.24426629973665,
    21.558224714878943,
    21.798814102595227,
    21.6375939887836,
    21.534967418204896,
    21.639880056033974,
    21.355675000882425,
    21.48286733698945,
    21.617838044722117,
    21.37124774007833,
    21.72004997024171,
    21.687134201222225,
    21.756164671916974,
    19.319128479349853,
    21.78216556411948,
    21.85738254984137,
    21.761052631133108,
    21.882776984485282,
    21.75226994004954,
    21.696272617635998,
    21.407351633759166,
    21.840326696134298,
    21.504200823826128,
    21.84177392573619,
    21.33063596337846,
    21.749460258027078,
    21.56359438850514,
    21.613847880908455,
    21.65250365865856,
    21.75260678380743,
    21.743000902463685,
    21.974914063733245,
    21.63618210856213,
    21.807715249346813,
    21.777290422226397,
    21.763093949554843,
    21.09273280572696,
    21.945201010802183,
    21.634481895920295,
    21.881471532229362,
    21.842826340393966,
    21.395285388227602,
    21.680430920757875,
    21.751940239668677,
    21.678074684472055,
    21.86870039608383,
    22.12844828259774,
    22.08971071825639,
    21.681379590425173,
    22.28559458908868,
    22.15607716109764,
    22.270359495178678,
    22.22727951638585,
    21.970820274509485,
    22.35245193498968,
    22.237698221787966,
    22.01345253047363,
    22.186732060479784,
    21.947403132792086,
    21.89574160847535,
    22.26331920876383,
    22.026401896087155,
    22.11995132663469,
    22.174276213908136,
    22.100201831700733,
    22.042185954835336,
    22.01751144408305,
    22.06715581595277,
    22.215983027330005,
    22.073412581531894,
    22.060497628010268,
    22.04426559535571,
    22.19722767843347,
    22.198253864132845,
    22.085685827529325,
    22.091244207453943
  ]
}