{
  "noise_type": "bernoulli",
  "noise_param": 0.4,
  "train_loss": [
    0.009032942237655757,
    0.0022855013305426177,
    0.001677096828696232,
    0.0014613952775715093,
    0.0013350022668874582,
    0.001354475679027349,
    0.0012287316837957568,
    0.0012072107435254287,
    0.0011836592086725127,
    0.0011709768971833168,
    0.0011517339364755603,
    0.0011523963827994462,
    0.0011328404557811435,
    0.0011295867553557995,
    0.0011431834980617863,
    0.001097203366639727,
    0.0011144285442088052,
    0.0010969425222009945,
    0.0010929192282968093,
    0.0010878110000626928,
    0.0010903592618132169,
    0.0010825339239076553,
    0.0010713901435783217,
    0.0010755377212912846,
    0.0010677440524194707,
    0.0010648595715557038,
    0.0010611135889162888,
    0.0010642506931458201,
    0.001055982855322874,
    0.001066078880236464,
    0.001053563218357769,
    0.0010406365509662671,
    0.0010451608652640796,
    0.0010520816678762988,
    0.0010454888456957736,
    0.0010379857097524857,
    0.0010406833918835128,
    0.0010414482119899364,
    0.0010364305373683727,
    0.0010249781159482067,
    0.0010346381320757913,
    0.0010276984787019677,
    0.0010280555754293898,
    0.0010256065955632455,
    0.001022461571220735,
    0.0010223868424561865,
    0.0010152083408708995,
    0.0010213928619292394,
    0.0010155197718790076,
    0.0010195268654845189,
    0.0010124169213719253,
    0.0010086231453365064,
    0.0010110314178137095,
    0.0010162669399762256,
    0.001004003223137862,
    0.0010088042446644275,
    0.00101492855709371,
    0.0010016199749614658,
    0.0009705848537821392,
    0.0009665570331613452,
    0.0009648448498859455,
    0.0009610452325379536,
    0.0009635583763994359,
    0.0009579266040481879,
    0.000961265987118707,
    0.0009537832795760212,
    0.0009553881463525179,
    0.0009545783225037916,
    0.000950361369661163,
    0.0009536424228616874,
    0.0009483035935818688,
    0.0009502168521554173,
    0.0009502514906412318,
    0.0009490971260093261,
    0.0009486575210847318,
    0.0009470086147922907,
    0.0009482669236903167,
    0.0009426012594093253,
    0.000943217836968925,
    0.0009431043095579685,
    0.0009409840141613053,
    0.0009408671530522503,
    0.0009413822898679988,
    0.0009393553094007929,
    0.0009216801408808798,
    0.0009206175830769947,
    0.0009196165461911755,
    0.0009167611919795418,
    0.0009173303835981594,
    0.0009173566964919012,
    0.0009158783600896099,
    0.0009143870310073393,
    0.0009131050753659452,
    0.0009128737101125755,
    0.0009116919578164798,
    0.0009121315803187635,
    0.0009106332156935758,
    0.0009095567978727861,
    0.0009101538516066981,
    0.0009094125648685989
  ],
  "valid_loss": [
    0.0007712675310186008,
    0.00020878139519496506,
    0.00029703633076286055,
    0.000186761735118123,
    8.135371212221649e-05,
    6.879984768111052e-05,
    0.00013420982350999833,
    0.00013867035600212277,
    0.00010592270857583111,
    4.911606523865601e-05,
    4.969512426879951e-05,
    5.874384751888323e-05,
    4.327622597833472e-05,
    4.560683631645468e-05,
    5.979290630139331e-05,
    9.701080797361016e-05,
    5.1396954635342565e-05,
    0.00020486700472542056,
    5.9648500812415385e-05,
    5.948984287455369e-05,
    0.00016691852154364183,
    4.163040108785688e-05,
    5.1655016324420696e-05,
    5.545462636214828e-05,
    6.377941731175434e-05,
    4.3714547321355306e-05,
    4.663355276138532e-05,
    4.657088537233524e-05,
    4.932570996752987e-05,
    4.6638928942617534e-05,
    4.282191490457962e-05,
    4.002248442008584e-05,
    6.85768929667251e-05,
    7.053136426339146e-05,
    5.105273073410256e-05,
    4.6559389893719435e-05,
    6.194678119512178e-05,
    4.8515655905655614e-05,
    9.649180752105103e-05,
    0.00015692671783267792,
    5.133047234187792e-05,
    5.625928446006894e-05,
    4.807410112927795e-05,
    4.5154019905473776e-05,
    6.522937728491975e-05,
    6.917040894811276e-05,
    5.443687012388712e-05,
    6.047988073193638e-05,
    4.4737835807748955e-05,
    5.142626226389492e-05,
    5.973764334799942e-05,
    4.167075564258788e-05,
    6.828869245077578e-05,
    5.090771388492627e-05,
    5.995574143141564e-05,
    5.316573723279897e-05,
    6.574492726512704e-05,
    5.011901273912186e-05,
    4.6031494424476214e-05,
    4.526815159945055e-05,
    4.099202710636821e-05,
    5.0199447328998826e-05,
    4.713044086617649e-05,
    4.2481982146134286e-05,
    9.711183122901306e-05,
    4.901884535468925e-05,
    5.282436969996357e-05,
    4.2978966620950235e-05,
    4.845440182437727e-05,
    4.018847091442352e-05,
    4.874173287149422e-05,
    4.1936925010039065e-05,
    4.3252634222522304e-05,
    4.6992870212919614e-05,
    4.783492350534831e-05,
    5.398519523727794e-05,
    4.234898009955852e-05,
    5.3473517215702485e-05,
    5.165242245179781e-05,
    4.558376237787602e-05,
    5.536217095311185e-05,
    4.55383892379592e-05,
    4.54025349637368e-05,
    4.175039844152727e-05,
    4.424607159350303e-05,
    4.3252540994667404e-05,
    4.309329510365529e-05,
    4.289459730540283e-05,
    4.531188198014442e-05,
    4.1172404323293574e-05,
    5.204243440990223e-05,
    6.087525265395257e-05,
    4.325278363368465e-05,
    4.6327588785770714e-05,
    4.735337283502822e-05,
    4.371918565362692e-05,
    4.127133250316825e-05,
    4.3595979136199845e-05,
    4.136099354778699e-05,
    4.190405960046068e-05
  ],
  "valid_psnr": [
    31.27962717433818,
    37.052724712082615,
    35.432671792487305,
    37.488680087218754,
    41.33293467160916,
    42.21592963791042,
    39.09766094714713,
    38.805750592476855,
    40.23226114616671,
    44.05860726214859,
    43.986364916812946,
    43.020167562768044,
    44.87580098857537,
    44.5071907504476,
    42.99026882636384,
    40.44553334164357,
    43.881360791375975,
    37.2781605366357,
    43.01222558800575,
    43.05505597495089,
    38.03145881668608,
    45.203683929264045,
    43.73169688565063,
    43.46879555110373,
    42.61830675298868,
    44.88480727140378,
    44.561074026996764,
    44.468659837682985,
    44.15709119067724,
    44.51789673399146,
    44.91885212677922,
    45.445014876681874,
    42.27383202476055,
    42.50094156286707,
    43.84298896887633,
    44.57927999276709,
    42.75464884985356,
    44.2181624461565,
    40.69666615553593,
    38.31338025307818,
    44.00598373889414,
    43.37521172891547,
    44.33583815777232,
    44.81637451554295,
    42.49253721888518,
    42.14166535638693,
    43.65819389212951,
    42.86488103475183,
    44.863491194945034,
    43.89194217627304,
    42.99895705244889,
    45.30716173509601,
    42.32613822607282,
    44.0962340440567,
    43.029363680943455,
    43.69805761464513,
    42.44287102644546,
    44.16626877867309,
    44.66706555420782,
    44.82464023011455,
    45.55341508388002,
    44.14061937882285,
    44.56287944657859,
    45.416507720537005,
    40.48260825505743,
    44.39506863777558,
    43.96267189125029,
    45.267595833655555,
    44.54092676319468,
    45.78492850419793,
    44.42818019894516,
    45.4043271175336,
    45.05717260018566,
    44.69982672806641,
    44.64394462018622,
    43.63629827397495,
    45.41363525215862,
    43.77225457874005,
    43.98703451642706,
    44.82600204785903,
    43.57987624082767,
    44.85084584014778,
    44.89356918100006,
    45.44816664415164,
    45.11712819096978,
    45.28783480420789,
    45.28061394850726,
    45.31257756136199,
    45.044314572027496,
    45.64249315947044,
    43.920016679390585,
    42.965583171315295,
    45.29107092503583,
    44.80413979118317,
    44.57169956779458,
    45.247657851655845,
    45.66870361469591,
    45.3016808948341,
    45.70161583551171,
    45.59165289653622
  ]
}