{
  "noise_type": "raw",
  "noise_param": 0.4,
  "train_loss": [
    4.677805895957916e-08,
    2.347914549787026e-10,
    6.164136135306061e-09,
    1.459313379650952e-11,
    4.72529820118577e-12,
    3.895006237464331e-07,
    5.677752253085322e-09,
    1.7006629440077425e-09,
    7.910057772684038e-08
  ],
  "valid_loss": [
    4.1502301219619534e-10,
    1.2827174947777886e-10,
    3.0284313614286734e-11,
    6.921639933744505e-12,
    3.633883006489277e-12,
    9.023050489647069e-09,
    2.876984989816995e-09,
    8.295591889125447e-10,
    4.2441186828228495e-10
  ],
  "valid_psnr": [
    93.81927826591094,
    98.91869004433015,
    105.18782362222217,
    111.59791367979163,
    114.396293960775,
    80.44646612572109,
    85.41062404230836,
    90.81152622485077,
    93.72212481390605
  ]
}