{
  "noise_type": "raw",
  "noise_param": 0.4,
  "train_loss": [
    0.3237516018317088,
    0.31350832292243974,
    0.27165810311486527,
    0.17672744208088614,
    0.10708499921831643,
    0.08794986578224587,
    0.075133421718873,
    0.06718720987723642,
    0.06327745073540444,
    0.05912053752062238,
    0.05748992051613617,
    0.05569481831434683,
    0.054613440876916684,
    0.05307601173773336,
    0.05317962793424942,
    0.052037122313331984,
    0.05241167079693731,
    0.05104415469587034,
    0.049987551272325174,
    0.05063912753953561,
    0.04956208374660457,
    0.05053312793007425,
    0.049900260527067426,
    0.04960902011410602,
    0.04793170274858669,
    0.04972495807679159,
    0.04796920152521518,
    0.04769528313368445,
    0.04788203373960751,
    0.04702674778348375,
    0.04622520739456185,
    0.0463472422024461,
    0.046575864989919245,
    0.046542415205104715,
    0.045291292877437835,
    0.04543494942898298,
    0.04468682295591463,
    0.04445373205186723,
    0.044816669721450854,
    0.0436782043375509,
    0.04300965592438396,
    0.04319140069676704,
    0.04351103461241944,
    0.04238658479448233,
    0.04198302569192082,
    0.041925855367580665,
    0.041365689653639605,
    0.042244119321763564,
    0.041286533862171286,
    0.041113748376745134,
    0.04104235268732144,
    0.04186773068214245,
    0.03986424177502384,
    0.041675740803381905,
    0.04062246216403338,
    0.040112714045069095,
    0.039971696269676046,
    0.04048669110970224,
    0.039964971730779925,
    0.040145932673295706,
    0.040263865105438924,
    0.0395397515963271,
    0.039265162628921095,
    0.0396942170040343,
    0.0396341892898618,
    0.03933755236668187,
    0.03956327143300383,
    0.03892839559840487,
    0.03933321703711154,
    0.039209996035710834,
    0.03948304211783748,
    0.03885341983764827,
    0.038355721884636554,
    0.038405646287592,
    0.03810299614291455,
    0.03779879624328133,
    0.038587682100862025,
    0.03755335549804115,
    0.03720857137804043,
    0.03769059268155681,
    0.03688145270763745,
    0.0371442259766329,
    0.037037354641682556,
    0.036900269570651734,
    0.03639670652487727,
    0.03618681590802687,
    0.03643765485915896,
    0.03615285308039047,
    0.035570499348239255,
    0.03638719012934004,
    0.035588797308828836,
    0.035620438013802116,
    0.03529504414405697,
    0.035194870593072095,
    0.03562960266880953,
    0.03484475782880023,
    0.03453854634483719,
    0.034528509757489695,
    0.03434894353554861,
    0.03401603572788036
  ],
  "valid_loss": [
    0.3151479437148446,
    0.31290462366779576,
    0.2102916507770696,
    0.11727223931624377,
    0.10088833934819849,
    0.07571555145132262,
    0.06518490879668248,
    0.05912347302375532,
    0.057745235213254156,
    0.05560037398345434,
    0.053648554345958534,
    0.06228894460827137,
    0.05124159910918628,
    0.05172102663121169,
    0.051286455311110514,
    0.05611363118938818,
    0.0510870883987511,
    0.05127648069552288,
    0.048953687659702046,
    0.050254887827564286,
    0.04798098508644512,
    0.05119554510686045,
    0.046973910160433174,
    0.049258262531917583,
    0.04810293543437034,
    0.05296190985262241,
    0.045858841085736325,
    0.046843181330390005,
    0.04534551662147538,
    0.04571876822833253,
    0.04514433810225117,
    0.04433441018971954,
    0.045264331466179725,
    0.04660542063411213,
    0.0457472259521976,
    0.046738566104026796,
    0.04372104269543917,
    0.043774046854411795,
    0.042699656447452924,
    0.0433868634577894,
    0.04246677497823844,
    0.043746716211259806,
    0.04130399162355401,
    0.04156177537621148,
    0.04195526683526496,
    0.0405474932371778,
    0.04188080184754451,
    0.04471997302099489,
    0.04893635903499609,
    0.040514325867040006,
    0.04100093037744062,
    0.041562801650860556,
    0.04101790114251205,
    0.04165247303573935,
    0.04105556425374046,
    0.041016667731086115,
    0.04336229301732418,
    0.04138413661447717,
    0.04196963264326335,
    0.042968771727106704,
    0.04072477846960656,
    0.040697698857554004,
    0.040925588408223995,
    0.04208477632925099,
    0.040104516796215774,
    0.04058156157974179,
    0.03980661175872979,
    0.04308139406923422,
    0.041424967354671244,
    0.041659208127077164,
    0.03966270628730768,
    0.042155690400988065,
    0.04244495381553956,
    0.04021409952267079,
    0.0401200418101225,
    0.039854614393404465,
    0.04014695656292263,
    0.0418471092384539,
    0.04092371547423016,
    0.04112259644142096,
    0.039534965827592555,
    0.04023779436657801,
    0.03977879589374569,
    0.04010750734295769,
    0.0404092631383437,
    0.040672319307412955,
    0.04390711519430392,
    0.04095136383013578,
    0.04275423879390294,
    0.04000802731468999,
    0.042466321901972345,
    0.04109006503684569,
    0.041368827240807066,
    0.042522412545494735,
    0.042472033423226724,
    0.0404782019368831,
    0.040472634996759085,
    0.042313098524213305,
    0.04008789086096241,
    0.041056147276803054
  ],
  "valid_psnr": [
    9.17556930473645,
    9.47753253760633,
    11.056659921316355,
    14.708892692469517,
    16.21754546853919,
    18.661063983496657,
    19.845347293766945,
    20.82203309242546,
    21.269683344727877,
    21.74136495833138,
    21.90212835724064,
    21.221168376025176,
    22.53108952955831,
    22.2747992671494,
    22.696567390090298,
    21.61623121075494,
    22.804417006504078,
    22.964424497626723,
    23.24688778186292,
    23.23893270956988,
    23.459070615654884,
    23.187947934983068,
    23.745576700802374,
    23.443096641857654,
    23.615317877111405,
    22.38656821556739,
    24.10866018851242,
    23.89751566420241,
    24.342813554169933,
    24.153233871986874,
    24.371821301032142,
    24.679495647476113,
    24.494106166474065,
    24.381507057662894,
    24.431404591275232,
    24.269050175716494,
    24.924247760841435,
    24.90591626668731,
    25.31131380572704,
    24.987944109791314,
    25.280529053224004,
    25.203609604067864,
    25.69016676545002,
    25.61814125239692,
    25.416929164051513,
    25.91891407608857,
    25.523097902831548,
    25.106486115191423,
    24.671092297567995,
    25.98648969428848,
    25.78145119290052,
    25.807321826847218,
    25.82357188910158,
    25.445213287518172,
    25.833003548301885,
    25.828653018784532,
    25.36930333261521,
    25.801048394880315,
    25.61684016354004,
    25.326549924627972,
    25.814048712989848,
    25.76521083611008,
    25.740997861001457,
    25.795235184679314,
    26.029667997759457,
    25.98543991671424,
    26.065661350153885,
    25.33715430187106,
    25.653079809754395,
    25.676272369801193,
    26.157009327642005,
    25.214087486100272,
    25.485863183953388,
    26.0281268085455,
    25.976550725068407,
    26.040783248470007,
    25.982011243836574,
    25.66790347394652,
    25.790950981408077,
    25.784300838727642,
    26.08473192152355,
    25.893168866427775,
    26.07035641843597,
    25.963931910452015,
    25.818132550170965,
    25.744852947146978,
    24.981398157371643,
    25.79851868799816,
    25.39739072126463,
    25.951795744281032,
    25.539051074620094,
    25.585120830548256,
    25.74246975491038,
    25.24398147249183,
    25.382452954839113,
    25.819898824609385,
    25.732048597159277,
    25.366644658993035,
    25.973695925407583,
    25.72021770272231
  ]
}