{
  "noise_type": "lower",
  "noise_param": 0.35,
  "train_loss": [
    0.012520061969587862,
    0.00010142511028718936,
    7.896550716856116e-05,
    8.898272664329547e-05,
    8.55278518309645e-05,
    6.71784785535486e-05,
    8.762792539357899e-05,
    8.251962246272306e-05,
    6.131110485020229e-05,
    6.139764819088842e-05
  ],
  "valid_loss": [
    0.0001457267627648409,
    7.443388872774008e-05,
    7.045366291147921e-05,
    5.194295759775723e-05,
    6.18155043599934e-05,
    4.477811330745151e-05,
    4.950288557777179e-05,
    7.804636936442478e-05,
    4.152765160990614e-05,
    5.583433305919392e-05
  ],
  "valid_psnr": [
    38.86269329560839,
    42.40968872113318,
    42.639948864250464,
    44.77563401001992,
    43.369460900741835,
    45.792551889523075,
    44.83926705757691,
    41.95211300225653,
    46.01226980764074,
    43.63635958755561
  ]
}