{
  "noise_type": "bernoulli",
  "noise_param": 0.4,
  "train_loss": [
    0.02756414458155632,
    0.0062093175249174236,
    0.00431087760720402,
    0.003932653355877847,
    0.0029972087126225234,
    0.0027549703465774653,
    0.002860673861578107,
    0.0023267777322325857,
    0.0022304873552639035,
    0.002039265054045245,
    0.0019297093176282943,
    0.0019495063729118556,
    0.0017656830209307373,
    0.0017505626025376842,
    0.0016199015226447955,
    0.0015888632007408888,
    0.0014752703992417081,
    0.0014945770829217508,
    0.0014201786427292973,
    0.0013774924061726779,
    0.0014199787977850064,
    0.0013388688256964088,
    0.0012595787859754637,
    0.0012533119483850897,
    0.001258143712184392,
    0.0012108599016210065,
    0.0012041847634827719,
    0.0012149755051359533,
    0.001198605305980891,
    0.0011129866202827542,
    0.001130874555092305,
    0.0011372907157056033,
    0.0011093612748663871,
    0.001096213484997861,
    0.0011122438646270893,
    0.0010838735615834594,
    0.001062203188193962,
    0.0010633457114454358,
    0.0010422137586283498,
    0.001045392489177175,
    0.0010454734688391909,
    0.0010215716250240802,
    0.0010385393444448708,
    0.0010241329134441912,
    0.0009869960352079943,
    0.0009904413850745186,
    0.0009867426968412473,
    0.0009819850249914452,
    0.001022844833205454,
    0.000984141631051898,
    0.0009660972759593278,
    0.0009561822746763937,
    0.0009641151421237737,
    0.0009487339644692838,
    0.0009579257675795816,
    0.0009242498630192131,
    0.000948681628506165,
    0.0009420133003732189,
    0.0009311327984323725,
    0.0009121436814893968,
    0.0009361756974249147,
    0.0009136755648069084,
    0.0009177167201414704,
    0.0009247436746954918,
    0.000912837759242393,
    0.0008864941314095632,
    0.0008887266769306735,
    0.0009143424656940624,
    0.000900300174835138,
    0.0008836769661866128,
    0.0008946804338484071,
    0.000888595103751868,
    0.0008743614694685675,
    0.0008645227557281032,
    0.0008900334979989566,
    0.0008946096006548032,
    0.0008770168898627162,
    0.0008525708320667036,
    0.0008747379420674405,
    0.0008530945173697547,
    0.0008585196433705277,
    0.0008582871066755615,
    0.0008458817287464626,
    0.0008521624028799124,
    0.0008422911661909894,
    0.0008320315138553269,
    0.0008441508689429611,
    0.000830440248537343,
    0.0008364823219017126,
    0.0008428902309969999,
    0.0008411369717214257,
    0.0008640862250467763,
    0.0008300767536275088,
    0.0008491689700167626,
    0.0008158615202410146,
    0.0008193140698131173,
    0.0008348463667789474,
    0.0008253023217548617,
    0.0008299697400070727,
    0.0008085511747049168
  ],
  "valid_loss": [
    0.008380265701562166,
    0.004741286225616932,
    0.003740351116284728,
    0.003484881678596139,
    0.0027262639813125135,
    0.002536414903588593,
    0.0023857734259217977,
    0.002225287761539221,
    0.002005634536035359,
    0.002016794718801975,
    0.001809161244891584,
    0.0017349278880283237,
    0.0016473701572977007,
    0.0018107980350032448,
    0.0016898173838853837,
    0.0014857588754966856,
    0.0014394990378059447,
    0.0013284091604873539,
    0.0013470037281513214,
    0.0015443763951770962,
    0.0016210059216246009,
    0.0012459477502852678,
    0.001366415568627417,
    0.001218358869664371,
    0.0011766110290773212,
    0.001181192675139755,
    0.0012180666672065854,
    0.0011349369445815681,
    0.0011342316656373442,
    0.0011513696913607418,
    0.0012413128674961626,
    0.001191635993309319,
    0.0011676419689320029,
    0.0011562618240714073,
    0.0010562926018610596,
    0.001105487090535462,
    0.0010767572582699358,
    0.0010403248842339964,
    0.0011331403208896518,
    0.0010336134769022465,
    0.0010693674185313284,
    0.00105175516102463,
    0.001083538830280304,
    0.0010421465616673232,
    0.0010354545479640364,
    0.0010464118188247085,
    0.0010083982965443283,
    0.0010620816075243055,
    0.0009881952544674277,
    0.000976813540328294,
    0.0009487671742681414,
    0.0009717867895960808,
    0.0009981292765587567,
    0.0009978261194191873,
    0.0009375577582977713,
    0.0010062737064436078,
    0.0009533253486733883,
    0.0009821389522403478,
    0.0009595831821206957,
    0.0010041266307234764,
    0.000989223651122302,
    0.0009710239025298506,
    0.0009441725199576468,
    0.0010011350736021996,
    0.0009683218924328685,
    0.001023825400043279,
    0.0010070244304370135,
    0.0009484520275145769,
    0.0009669420379213989,
    0.000965150143019855,
    0.0009483795496635139,
    0.0009619097807444632,
    0.0009601923765148967,
    0.0009509399556554853,
    0.0009217079449445009,
    0.0009265358233824372,
    0.0009650779445655644,
    0.0009833679161965847,
    0.000930668463697657,
    0.0009407470421865582,
    0.0009085178142413497,
    0.0009212142403703183,
    0.0009095665998756885,
    0.000922932947287336,
    0.0009253397176507861,
    0.0009183697495609522,
    0.0008956267219036818,
    0.0009135518362745642,
    0.0009396643145009875,
    0.0008855533238966018,
    0.000906678776955232,
    0.0009091539238579572,
    0.0008948023011907935,
    0.0009177163371350616,
    0.0010036053438670933,
    0.0009365071705542505,
    0.0008679539593867958,
    0.0009471706533804536,
    0.0008772034477442503,
    0.0009285128768533468
  ],
  "valid_psnr": [
    20.828227100372313,
    23.336305599212647,
    24.364010696411132,
    24.66855421066284,
    25.75297472000122,
    26.095835781097414,
    26.35989637374878,
    26.685430698394775,
    27.162909564971923,
    27.140194988250734,
    27.675229244232177,
    27.8513356590271,
    28.079844074249266,
    27.643861408233644,
    27.936644535064698,
    28.592300281524658,
    28.705212116241455,
    29.077860946655274,
    29.03243465423584,
    28.400080604553224,
    28.110562019348144,
    29.432940521240234,
    28.902053718566894,
    29.536688232421874,
    29.695190334320067,
    29.69481990814209,
    29.475276985168456,
    29.867334728240966,
    29.881571292877197,
    29.890724983215332,
    29.387671394348146,
    29.602193088531493,
    29.727743701934813,
    29.823191566467287,
    30.2203519821167,
    29.998116149902344,
    30.14215337753296,
    30.331372890472412,
    29.853009395599365,
    30.368883628845214,
    30.15370225906372,
    30.271154594421386,
    30.10219024658203,
    30.296988983154296,
    30.336239223480224,
    30.395472106933592,
    30.479178466796874,
    30.266899185180662,
    30.588287963867188,
    30.579161338806152,
    30.754506759643554,
    30.63180263519287,
    30.55608304977417,
    30.548644275665282,
    30.78478162765503,
    30.51140775680542,
    30.752330265045167,
    30.54857900619507,
    30.716201152801514,
    30.417812557220458,
    30.690234069824218,
    30.745421905517578,
    30.793539333343507,
    30.535390510559083,
    30.73407232284546,
    30.394797325134277,
    30.414922485351564,
    30.810602283477785,
    30.72589683532715,
    30.673659133911134,
    30.828204231262205,
    30.694016647338866,
    30.755752506256105,
    30.824900722503664,
    30.97120819091797,
    30.949138584136964,
    30.666729068756105,
    30.6312087059021,
    30.91168710708618,
    30.86825838088989,
    31.002300758361816,
    30.970749435424803,
    31.020331649780275,
    30.94728660583496,
    30.97240327835083,
    30.9607559967041,
    31.157418270111084,
    30.968478260040282,
    30.809146823883058,
    31.199661712646485,
    31.06834270477295,
    31.07254379272461,
    31.142202415466308,
    30.881018695831298,
    30.555687503814696,
    30.848070487976074,
    31.26350803375244,
    30.780969123840332,
    31.207709980010986,
    30.874947719573974
  ]
}