{
  "noise_type": "bernoulli",
  "noise_param": 0.4,
  "train_loss": [
    0.05563256776891649,
    0.007865443979389965,
    0.005533035011030734,
    0.004586789887398481,
    0.004058185680769384,
    0.003491189992055297,
    0.0030844514165073635,
    0.002921288749203086,
    0.0026187459891662004,
    0.0025378596037626266,
    0.0024130918690934778,
    0.002206820952706039,
    0.0020884137030225246,
    0.002349295411258936,
    0.0018368980404920876,
    0.001822682326892391,
    0.001958091127453372,
    0.0017052475630771368,
    0.0017124652565689757,
    0.0016716027341317386,
    0.0015481254609767347,
    0.0014604173571569844,
    0.0015525322395842523,
    0.0013890835252823308,
    0.0013968496781308203,
    0.0013610696053365245,
    0.0013005970849189908,
    0.0012715870270039887,
    0.0012511911685578526,
    0.001272410082165152,
    0.00120014242536854,
    0.0012953997030854226,
    0.0011680324090411886,
    0.0011717834876617417,
    0.0011704916349845008,
    0.0011620375892380252,
    0.0011586822842946276,
    0.0011176112375687807,
    0.0011193009855924175,
    0.0011191137391142547,
    0.0010736529776477254,
    0.0010934850783087314,
    0.0010486956808017566,
    0.0010641530714929103,
    0.0010682166484184564,
    0.0010558832064270973,
    0.0010291893398971298,
    0.001017109485110268,
    0.001056192330433987,
    0.0010168454167433082,
    0.001014290436578449,
    0.0010138666915008798,
    0.0009797822768450714,
    0.0010039873834466562,
    0.0009970310248900204,
    0.00096485147572821,
    0.000962548537645489,
    0.0009479783379356377,
    0.0009567779570352286,
    0.0009701563860289753,
    0.0009828030655626208,
    0.0009508603741414845,
    0.00096467172348639,
    0.0009466378577053547,
    0.000949622227344662,
    0.0009280146891251207,
    0.000951214134984184,
    0.0009206686154357158,
    0.0009132553116069175,
    0.0009198581386590377,
    0.0009152304759481922,
    0.000913064019405283,
    0.0008749301149509847,
    0.000908706551999785,
    0.0009112810922670178,
    0.0008958806999726221,
    0.000879723858088255,
    0.000877557918720413,
    0.0008681526832515373,
    0.0009003689221572131,
    0.0008766204147832469,
    0.0008832139315200038,
    0.000865396934968885,
    0.0008710338891251012,
    0.0008681280765449628,
    0.0008396900678053498,
    0.000861392646911554,
    0.0008743995483382605,
    0.0008631783694727347,
    0.0008648693998111412,
    0.0008687663066666573,
    0.0008608403545804322,
    0.0008603607115219347,
    0.0008272904105251655,
    0.0008500765380449593,
    0.0008672036923235282,
    0.0008348484721500426,
    0.000831160398083739,
    0.0008468087037908845,
    0.0008428114803973586
  ],
  "valid_loss": [
    0.010583755820989608,
    0.006069826129823923,
    0.004903142247349024,
    0.003986462103202939,
    0.0034751925151795147,
    0.0032471086643636226,
    0.0027074753353372215,
    0.003011465296149254,
    0.0023366288281977178,
    0.002152460510842502,
    0.0021605909196659922,
    0.0019153144303709268,
    0.0025099038798362017,
    0.0018777069728821516,
    0.001670250711031258,
    0.0016774882795289158,
    0.0017482236633077264,
    0.001580640128813684,
    0.0016097793471999467,
    0.0015064852125942706,
    0.0015173745644278824,
    0.0014666207088157536,
    0.001360260301735252,
    0.0013693373231217264,
    0.0013381777540780605,
    0.0013738217786885799,
    0.0013679528096690774,
    0.0013052531192079186,
    0.0012071743258275092,
    0.0012253919732756913,
    0.001187566297594458,
    0.0012769145285710692,
    0.001189930560067296,
    0.0012147833593189716,
    0.0011914005130529404,
    0.0011914395401254297,
    0.0011813553306274116,
    0.0012044431921094656,
    0.0011230692034587264,
    0.0011127443751320243,
    0.0011061383853666485,
    0.0010848981188610197,
    0.0010915312101133167,
    0.0011491563613526524,
    0.0011034968122839927,
    0.0010635743127204477,
    0.0010400658170692622,
    0.0010447985026985408,
    0.0010472493828274309,
    0.001082582831149921,
    0.0010636956873349846,
    0.0010443362104706466,
    0.0010693110164720564,
    0.001043187011964619,
    0.0009919801470823586,
    0.0009811155498027802,
    0.0010417812503874303,
    0.0009942084364593028,
    0.0010224148607812821,
    0.0010643951245583594,
    0.000987331939395517,
    0.00108755023451522,
    0.00102753730956465,
    0.0009903445187956095,
    0.0009437056514434517,
    0.0009743298124521971,
    0.0009546685242094099,
    0.0009697143430821598,
    0.0009657058143056929,
    0.0009690631832927466,
    0.000996370983775705,
    0.0009604061162099242,
    0.0009672690730076284,
    0.000978829824598506,
    0.0009377922676503659,
    0.0009668500360567123,
    0.00095806565717794,
    0.0009299225150607526,
    0.000956054637208581,
    0.0009296723292209208,
    0.0009696810599416494,
    0.000973415692569688,
    0.0009413250349462033,
    0.0009404729807283729,
    0.0009052188065834343,
    0.000965270430315286,
    0.0009237839141860605,
    0.0009324564749840647,
    0.0009680710406973958,
    0.0009178652847185731,
    0.0008815701457206159,
    0.0009486953006125987,
    0.0009156965953297913,
    0.0009272650280036033,
    0.0009291665104683488,
    0.0009181467106100172,
    0.0008822096500080079,
    0.0009202456031925976,
    0.0009076135838404298,
    0.000925675107864663
  ],
  "valid_psnr": [
    19.813268356323242,
    22.25659770965576,
    23.197478504180907,
    24.124319286346434,
    24.710589275360107,
    24.97665407180786,
    25.791575660705565,
    25.30004461288452,
    26.472192058563234,
    26.834743747711183,
    26.802230129241945,
    27.39358787536621,
    26.111326484680177,
    27.4883563041687,
    28.020017242431642,
    27.988390579223633,
    27.79610879898071,
    28.29810306549072,
    28.204647426605224,
    28.50558027267456,
    28.444422760009765,
    28.599140758514405,
    28.952646980285646,
    28.934949741363525,
    29.031521835327148,
    28.93108394622803,
    28.996744480133056,
    29.20933542251587,
    29.592066955566406,
    29.503369483947754,
    29.677906188964844,
    29.294364910125733,
    29.63148374557495,
    29.524177951812746,
    29.56089883804321,
    29.582949466705323,
    29.688116455078124,
    29.584869232177734,
    29.968602962493897,
    30.003880138397218,
    29.97301622390747,
    30.119004821777345,
    30.10372428894043,
    29.847915058135985,
    29.981394634246826,
    30.25588264465332,
    30.297003231048585,
    30.292432460784912,
    30.270586071014403,
    30.19752939224243,
    30.087064685821534,
    30.309669342041015,
    30.244828548431396,
    30.256033248901367,
    30.555711269378662,
    30.616950778961183,
    30.29106315612793,
    30.534930381774902,
    30.407041816711427,
    30.075498733520508,
    30.600294876098634,
    30.069944229125976,
    30.354892139434813,
    30.607973175048826,
    30.815695056915285,
    30.68623649597168,
    30.819668407440187,
    30.675199279785158,
    30.667303009033205,
    30.735106315612793,
    30.5030157661438,
    30.740445613861084,
    30.682565479278566,
    30.60650493621826,
    30.84082139968872,
    30.66550216674805,
    30.75791847229004,
    30.885533847808837,
    30.71579048156738,
    30.9284494972229,
    30.670560455322267,
    30.735070400238037,
    30.875291900634764,
    30.79078796386719,
    30.99235528945923,
    30.725131301879884,
    30.926881465911865,
    30.908160743713378,
    30.747041320800783,
    30.994459056854247,
    31.185736923217775,
    30.80956401824951,
    31.032670974731445,
    30.973272953033447,
    30.982350425720213,
    30.997390518188478,
    31.1703263092041,
    30.96192211151123,
    31.025314807891846,
    30.929286231994627
  ]
}