{
  "noise_type": "bernoulli",
  "noise_param": 0.4,
  "train_loss": [
    0.14975990653038024,
    0.015952738421037792,
    0.008275443715974688,
    0.006220487058162689,
    0.005214212299324572,
    0.004871190048288554,
    0.004154696660116315,
    0.0040164792211726304,
    0.003268651196267456,
    0.0033646983117796483,
    0.0029060121392831205,
    0.002953956050332636,
    0.002455865946831182,
    0.002402167528634891,
    0.0022937654866836965,
    0.002140684783225879,
    0.002209153363946825,
    0.0019282387860585005,
    0.0019554302468895914,
    0.0019680967973545196,
    0.0018254581792280077,
    0.0016881089191883802,
    0.0016861803544452414,
    0.0016616159939439967,
    0.0016539050254505128,
    0.0015446658234577627,
    0.0015101049793884158,
    0.0015114274201914668,
    0.0014366420509759337,
    0.001449249335564673,
    0.0013603868882637472,
    0.0013425872789230198,
    0.001279195052338764,
    0.0013150591030716896,
    0.0012539648183155804,
    0.0012278932833578438,
    0.0012790296651655807,
    0.0011819433112395927,
    0.0012188236980000512,
    0.0011787890910636633,
    0.0011859115742845461,
    0.0011551583552500233,
    0.001115405682940036,
    0.001309089628048241,
    0.0010895866330247373,
    0.001139381480170414,
    0.001125616088975221,
    0.0011059347208356484,
    0.0010897111211670564,
    0.0010538549043121747,
    0.0010991250089136884,
    0.001079172960598953,
    0.0010524629699648358,
    0.001088507009553723,
    0.0010082745930412784,
    0.0010309832013444976,
    0.0010275257588364185,
    0.0010256565632880666,
    0.0010012281115632504,
    0.0010011313599534333,
    0.0009947334782918916,
    0.0009992348795640283,
    0.0009784464951371774,
    0.0010107324447017163,
    0.0009430829348275438,
    0.0009647100296569988,
    0.000976906859141309,
    0.0009735812409780919,
    0.000943175891879946,
    0.0009564692981075495,
    0.0009551681295852177,
    0.0009532661689445376,
    0.0009402669774135575,
    0.000956578707555309,
    0.0009346915039350279,
    0.0009212839265819639,
    0.000953041730390396,
    0.000925913893734105,
    0.0009279850995517336,
    0.0009019892427022569,
    0.0009190173118258827,
    0.0008995781041448936,
    0.0008932225510943681,
    0.0009118708036839962,
    0.0009157849336043,
    0.0009189372038235887,
    0.0009053165395744145,
    0.000887094615609385,
    0.000879875295504462,
    0.0008788678160635754,
    0.0008805804542498663,
    0.0008961190667469054,
    0.000860160575248301,
    0.0008938681962899864,
    0.0008920009154826402,
    0.000876465656037908,
    0.000876848152547609,
    0.0008740550262155011,
    0.0008593254364677705,
    0.0008668346185004338
  ],
  "valid_loss": [
    0.02093210406601429,
    0.01015831734985113,
    0.006629824303090572,
    0.0057320820912718775,
    0.004687257297337055,
    0.00425683481618762,
    0.0037006963137537242,
    0.003366980319842696,
    0.0030800198763608934,
    0.0028002634178847076,
    0.002757056402042508,
    0.0029345696698874235,
    0.0023615928972139954,
    0.002267747959122062,
    0.00204143806360662,
    0.0020867090858519076,
    0.0019402294186875225,
    0.0019859654223546384,
    0.0017418609280139207,
    0.0018251064792275428,
    0.0018204187834635376,
    0.00165352254640311,
    0.0019015327841043473,
    0.0015839418955147266,
    0.0016524003725498914,
    0.0014667238271795213,
    0.0016013709781691433,
    0.001469497038051486,
    0.0014322349522262812,
    0.0013507507648319007,
    0.0013470345782116055,
    0.0012723698955960571,
    0.0012443682085722684,
    0.0012727873260155321,
    0.0012664643302559852,
    0.001303008843678981,
    0.0011731871333904565,
    0.0011959414230659604,
    0.0012023160140961409,
    0.0011254540225490927,
    0.0012084324681200086,
    0.0010990923945792019,
    0.0011689663981087506,
    0.0011584737501107157,
    0.0010917262686416507,
    0.0011769840796478092,
    0.00115368323167786,
    0.0011681666364893317,
    0.0011032454017549753,
    0.001087524255272001,
    0.0010650572716258467,
    0.0010668860282748937,
    0.001077758832834661,
    0.0010627577640116214,
    0.0010951702482998372,
    0.001041627898812294,
    0.0010785391880199313,
    0.0010580401099286973,
    0.0010568578471429645,
    0.001055859667249024,
    0.001001972088124603,
    0.001049053450115025,
    0.0011142735742032527,
    0.0010129821998998523,
    0.0010463630175217987,
    0.000997589237522334,
    0.0010644175205379725,
    0.0009880743536632508,
    0.0011341296834871174,
    0.001036935995798558,
    0.0010203044372610749,
    0.001025310051627457,
    0.0010426644934341312,
    0.0010368569009006024,
    0.0009988156659528613,
    0.0010503806313499808,
    0.001020677255000919,
    0.0009959014900960028,
    0.0009597107395529748,
    0.0009466255316510797,
    0.0009776419727131724,
    0.0009356548881623894,
    0.0009722484834492206,
    0.0009358282713219523,
    0.0009908473724499344,
    0.0009623400727286935,
    0.001054522127378732,
    0.0009430169081315398,
    0.0009623686061240733,
    0.0009767839137930423,
    0.0009455264313146472,
    0.0009496650611981749,
    0.0010450416174717248,
    0.0009435077896341682,
    0.000961293950676918,
    0.0009887120989151299,
    0.0009556031436659396,
    0.0009344021754804999,
    0.001005674209445715,
    0.0009272265457548201
  ],
  "valid_psnr": [
    16.851940517425536,
    19.98254753112793,
    21.867886333465577,
    22.51452558517456,
    23.419045181274413,
    23.845234565734863,
    24.445735988616942,
    24.841926822662355,
    25.228956451416014,
    25.66203908920288,
    25.724446353912352,
    25.44023099899292,
    26.423346328735352,
    26.617039184570313,
    27.092503128051757,
    26.986074104309083,
    27.331984672546387,
    27.209225425720216,
    27.848851585388182,
    27.616611804962158,
    27.57586503982544,
    28.081870555877686,
    27.38403995513916,
    28.20931257247925,
    28.014564800262452,
    28.696396083831786,
    28.186551685333253,
    28.607920722961424,
    28.75720697402954,
    29.078133335113524,
    29.017334308624267,
    29.291163845062258,
    29.42459554672241,
    29.285064430236815,
    29.30763719558716,
    29.217053489685057,
    29.681157665252684,
    29.630333557128907,
    29.567629566192625,
    29.915930843353273,
    29.510715160369873,
    30.02948957443237,
    29.700813732147218,
    29.787532234191893,
    30.0696768951416,
    29.644340419769286,
    29.776126556396484,
    29.661732730865477,
    30.007131462097167,
    30.12075454711914,
    30.18096502304077,
    30.21800594329834,
    30.087816486358644,
    30.240933208465577,
    30.065876636505127,
    30.316496543884277,
    30.15263204574585,
    30.161748046875,
    30.21783790588379,
    30.222670097351074,
    30.47285478591919,
    30.2359206199646,
    29.96120693206787,
    30.460484275817873,
    30.340027980804443,
    30.508614463806154,
    30.171987266540526,
    30.61428455352783,
    29.87982234954834,
    30.34416404724121,
    30.445104236602784,
    30.39046672821045,
    30.36462167739868,
    30.323224964141847,
    30.482915325164797,
    30.2567746925354,
    30.372362537384035,
    30.518850498199463,
    30.716146183013915,
    30.790079460144042,
    30.61344980239868,
    30.831177082061767,
    30.625276737213134,
    30.858148975372316,
    30.61732671737671,
    30.693666019439696,
    30.177895011901857,
    30.84662233352661,
    30.739502048492433,
    30.657217578887938,
    30.859250049591065,
    30.80913366317749,
    30.261727085113524,
    30.87407007217407,
    30.731468276977537,
    30.62957878112793,
    30.84466032028198,
    30.872980937957763,
    30.48871452331543,
    30.90811725616455
  ]
}