{
  "noise_type": "raw",
  "noise_param": 0.7,
  "train_loss": [
    0.0,
    0.0,
    0.0,
    0.0,
    0.0,
    0.0,
    0.0,
    0.0,
    0.0,
    0.0,
    0.0,
    0.0,
    0.0,
    0.0,
    0.0,
    0.0,
    0.0,
    0.0,
    0.0,
    0.0,
    0.0,
    0.0,
    0.0,
    0.0,
    0.0,
    0.0,
    0.0,
    0.0,
    0.0,
    0.0,
    0.0,
    0.0,
    0.0,
    0.0,
    0.0,
    0.0,
    0.0,
    0.0,
    0.0,
    0.0,
    0.0,
    0.0,
    0.0,
    0.0,
    0.0,
    0.0,
    0.0,
    0.0,
    0.0,
    0.0,
    0.0,
    0.0,
    0.0,
    0.0,
    0.0,
    0.0,
    0.0,
    0.0,
    0.0,
    0.0,
    0.0,
    0.0,
    0.0,
    0.0,
    0.0,
    0.0,
    0.0,
    0.0,
    0.0,
    0.0,
    0.0,
    0.0,
    0.0,
    0.0,
    0.0,
    0.0,
    0.0,
    0.0,
    0.0,
    0.0,
    0.0,
    0.0,
    0.0,
    0.0,
    0.0,
    0.0,
    0.0,
    0.0,
    0.0,
    0.0,
    0.0,
    0.0,
    0.0,
    0.0,
    0.0,
    0.0,
    0.0,
    0.0,
    0.0,
    0.0
  ],
  "valid_loss": [
    0.1099914809630663,
    0.05871017957172257,
    0.020432061765520624,
    0.01603225949749761,
    0.01667835587112526,
    0.009829297322858168,
    0.009363964299219558,
    0.00818121441455514,
    0.007257767229413454,
    0.006779324919716988,
    0.006500791652165377,
    0.005924863518393265,
    0.0053474484019396425,
    0.005155506651316402,
    0.0049907018214709374,
    0.004587296933673999,
    0.005160201840997237,
    0.005356411297567658,
    0.005707860454577977,
    0.005049813715609673,
    0.003599466557506252,
    0.0034756440260899,
    0.0035025007564845815,
    0.0032375571866084074,
    0.0035555006468216224,
    0.003410208818173045,
    0.003293916714388054,
    0.0033530764482806387,
    0.003191368853544972,
    0.0032059542219611695,
    0.0033233170479162427,
    0.002987003514307021,
    0.0030661863454245113,
    0.0037215589355348837,
    0.003245400882746509,
    0.002968371823407916,
    0.0031501131840834798,
    0.004411345582735085,
    0.0033853857223875086,
    0.004907854917367147,
    0.0033732239564996085,
    0.0030947813819270933,
    0.003075592271134661,
    0.002995118965484278,
    0.004093204481508567,
    0.002967183897557681,
    0.002895589555844977,
    0.003057730343473682,
    0.003398590025275836,
    0.00355681435336003,
    0.002964927642421163,
    0.003317918973543994,
    0.0031875029163581986,
    0.0037005735335380483,
    0.003127546923820298,
    0.003515536431187632,
    0.003516457716620775,
    0.0028816698089021266,
    0.0029388897147217233,
    0.003197989076879022,
    0.0031739952523215406,
    0.0030620663215313168,
    0.0035617754420708535,
    0.00287349291424211,
    0.0028184461861084278,
    0.003397121777565055,
    0.0029527899098622428,
    0.003023768110576569,
    0.0029516303796821024,
    0.002912923441630958,
    0.0032051282578056794,
    0.002994747281548069,
    0.002848512565549495,
    0.0028532208000558016,
    0.004101269784987056,
    0.0030456605388674562,
    0.002965906127349856,
    0.002860901170613688,
    0.0028369079584480076,
    0.002924055483314734,
    0.003192527100971618,
    0.003339363533684555,
    0.0030054783341830434,
    0.004014904370877324,
    0.0030001498010173446,
    0.002888922236823378,
    0.003038480195719627,
    0.0029960334246616036,
    0.002774727078519212,
    0.00277119019898638,
    0.0032301787665999487,
    0.002854773642448813,
    0.0027941009893890935,
    0.003113899938717576,
    0.003286075717139157,
    0.0028733776513147928,
    0.002910266517797174,
    0.003224170973828065,
    0.0034778704144221282,
    0.002894496939748472
  ],
  "valid_psnr": [
    9.788701399778294,
    12.725842570914999,
    17.408703790379104,
    18.48490994590829,
    18.777033949729038,
    20.693872521754752,
    20.84338994659218,
    21.602417939851897,
    22.009577101301705,
    22.235032882738018,
    22.41389344713191,
    22.78005869274915,
    23.22385739070139,
    23.45196086793988,
    23.61500217980421,
    23.960364569230276,
    23.489072440201657,
    23.36141456465314,
    23.659553120226892,
    23.80940516695159,
    25.243030001401525,
    25.39842381495278,
    25.363505374300352,
    25.944117481393917,
    25.32810607804655,
    25.472159379334666,
    25.63591335564175,
    25.552032343229722,
    25.927217114840055,
    26.04784008202076,
    25.63016205401188,
    26.187054623704537,
    25.978905162883745,
    25.461097614502574,
    25.745629824019566,
    26.166178521740314,
    26.03715092839377,
    24.798365244784044,
    25.737238773820295,
    23.99427863877855,
    25.97458014677009,
    26.016942904978414,
    26.01484893406117,
    26.17765794622988,
    25.330770953194985,
    26.11404589512921,
    26.38420252731199,
    26.31143046954581,
    25.7820140910925,
    25.45997421845809,
    26.18920648378112,
    25.66929613207898,
    25.833771668927433,
    25.2322753047295,
    26.00458841965691,
    25.835376516566193,
    25.545557373830146,
    26.330373437142075,
    26.2679637549998,
    25.831186077938423,
    25.976091068743067,
    26.00292588422693,
    25.552941248207198,
    26.46499644426641,
    26.50566463926846,
    25.636096403780034,
    26.30382759007358,
    26.337813253509946,
    26.226044875226002,
    26.239665617327883,
    26.07626642261725,
    26.35155937747432,
    26.49049406518725,
    26.52965874810386,
    25.192521564324167,
    26.20002961124423,
    26.412935345777807,
    26.478610665003746,
    26.45598835422504,
    26.385541792883775,
    25.935569923514272,
    25.670847142175468,
    26.47223290575284,
    25.51759068439297,
    26.155918750913877,
    26.43811929184719,
    26.449551940669153,
    26.396278435182964,
    26.60941731627752,
    26.632663800267938,
    25.975200412952972,
    26.44155409303373,
    26.54574693971363,
    26.140546956542707,
    26.002718856910274,
    26.496979431172523,
    26.382451814563645,
    25.95459362767345,
    25.52181244534889,
    26.482234222832822
  ]
}