{
  "noise_type": "raw",
  "noise_param": 0.4,
  "train_loss": [
    0.10313276588611693,
    0.07480982140461656,
    0.04709890578284866,
    0.0274920177358394,
    0.019264054799744204,
    0.015227601079923358,
    0.013506669203692534,
    0.010525780907603054,
    0.009530142959357253,
    0.008526325607109055,
    0.007957370361191245,
    0.00758849098487845,
    0.0062448441315184925,
    0.006459887848977429,
    0.005932740743536507,
    0.005594156844125021,
    0.0066173130221991875,
    0.00500458291614329,
    0.006354563545174542,
    0.005226217094690914,
    0.0049106983832398685,
    0.004754016022398854,
    0.004784767081912152,
    0.004122456361187974,
    0.004424811391736663,
    0.004108474346109086,
    0.0042368458142538565,
    0.004815747577360566,
    0.0038104641260779575,
    0.003378849957322357,
    0.0035448930366738197,
    0.0035380760168229465,
    0.0031760289455982403,
    0.0030311847465523322,
    0.0029194499053543086,
    0.0029759896774555947,
    0.0030331636913888864,
    0.002750861264044062,
    0.002717530499029522,
    0.002688033233099008,
    0.0026210234757268395,
    0.0024180664336372285,
    0.0026114640916186415,
    0.0022548606684123203,
    0.0024766664477227965,
    0.0022125388879101165,
    0.002137638323291758,
    0.0021864704670405554,
    0.0020683734905681843,
    0.00204776154459747,
    0.0021783988142878405,
    0.0018965908169271072,
    0.002044679651111177,
    0.002005096769088914,
    0.0018184823493923754,
    0.0018055508928318917,
    0.0018210598959215122,
    0.0018693069940699688,
    0.001873234765347159,
    0.0018134744480153794,
    0.0016303246394355241,
    0.0016373461834521728,
    0.0016101388318399102,
    0.0016561784481607942,
    0.0016673277392050614,
    0.0014678819049983088,
    0.0015351210961020486,
    0.0015499527949862522,
    0.0015249778235615515,
    0.0014563435608025567,
    0.0014027578287186871,
    0.0014411552454728254,
    0.0013767993810442545,
    0.0013161754475007684,
    0.0013337102285718469,
    0.0013549504909591537,
    0.001413148490711613,
    0.0013721696980365191,
    0.001337053378603273,
    0.0012375672191057261,
    0.0013524062778360153,
    0.0012962187674360492,
    0.001231428233716216,
    0.0011558095988122474,
    0.0012293614574755611,
    0.0012633785697801997,
    0.001106034901988932,
    0.0011215983456048253,
    0.0011389026704500369,
    0.0011490916262920383,
    0.0011416505663374352,
    0.0010437820625408697,
    0.0010329642841095344,
    0.0011032757459158954,
    0.0010246968181165347,
    0.0010430015153722286,
    0.0010143194367571368,
    0.0009276574649442902,
    0.0009586508586897238,
    0.0009916964583293725,
    0.0009342701544042823,
    0.0009499581014279228,
    0.0009304760712326544,
    0.0009570929666793401,
    0.0009191681971583964,
    0.0008673667311429169,
    0.0009080553660294975,
    0.0009040886240745109,
    0.0010136616686827109,
    0.000894004067698256,
    0.0008656522378447496,
    0.000849446975131529,
    0.000852547096425617,
    0.0008379261351013302,
    0.0008548714862788757,
    0.000825195305146793,
    0.0008394568559350012,
    0.0008149440990885755,
    0.0008230183704322679,
    0.0008367136832486411,
    0.0008230343999440542,
    0.0008886304779134288
  ],
  "valid_loss": [
    0.08229783542237723,
    0.05644854120009346,
    0.03185026828148979,
    0.018539851090802396,
    0.014853806775943192,
    0.01588651049325323,
    0.010803256948408642,
    0.00899011682776344,
    0.008834237004793662,
    0.007256606057853128,
    0.009340989478038585,
    0.006294531705703775,
    0.007788634511769269,
    0.006778249863237108,
    0.006445188633131655,
    0.00549159702194972,
    0.006024754722893279,
    0.005325002224638436,
    0.007311302496001528,
    0.00742100197712154,
    0.005475904105518023,
    0.007291450444943281,
    0.004678116072035394,
    0.003958322344440147,
    0.004435508114630132,
    0.004946197913573843,
    0.006057236078137077,
    0.0038511857003690354,
    0.004005227796532906,
    0.004007172315541696,
    0.003759907360527187,
    0.0038989538505293177,
    0.003317664784607383,
    0.0038937509681049314,
    0.003955903249253269,
    0.0037952314182271895,
    0.006687997018403546,
    0.0032760878887080035,
    0.003449567690576042,
    0.0036360725059240108,
    0.0030896929341543843,
    0.0031645670688148085,
    0.002934863241459342,
    0.003248202100089914,
    0.003299416295482132,
    0.0031590520452036345,
    0.0030887594123199607,
    0.0033278302471927736,
    0.0030615551396667006,
    0.0031603765863235642,
    0.0029477331578316294,
    0.002911849294157587,
    0.0033453970972934927,
    0.002853593096505566,
    0.003011826984989177,
    0.0030960970162222574,
    0.003292746288387463,
    0.003013984025271157,
    0.0037392786117637724,
    0.002893727189042957,
    0.003486632462292902,
    0.0031750768223139663,
    0.002748701859116729,
    0.00321115826780256,
    0.0029534425531287877,
    0.0028135398549197373,
    0.003231407318725934,
    0.0029511036510465687,
    0.0030539554455718885,
    0.00279686294222043,
    0.00324789475533632,
    0.003028723512207792,
    0.002788465918762414,
    0.002804447215277213,
    0.0027748607422869876,
    0.0029670671342783357,
    0.0027245374529908913,
    0.0030121311541790813,
    0.00286120690452344,
    0.00284360938820729,
    0.0028753299756556837,
    0.003411263584786681,
    0.002783798192588316,
    0.0027334364468515767,
    0.0032833252895064237,
    0.0028880227206287547,
    0.002701574471242518,
    0.00301232548719196,
    0.002875605911909682,
    0.003465105212529894,
    0.002843544183610152,
    0.0027408719387386742,
    0.0038342627885872087,
    0.0027270270829020753,
    0.0027796170127949256,
    0.002732304696689134,
    0.00283635503978312,
    0.002777842890068199,
    0.0028439520260678834,
    0.002922313925687962,
    0.002921409643163171,
    0.0026569112561096275,
    0.003352294670801875,
    0.002754730378718196,
    0.0026931488687364975,
    0.0028690145095927335,
    0.0029865572995214835,
    0.0027602488283326146,
    0.002884791944127063,
    0.0026548017760481047,
    0.002794551397041594,
    0.0028117639037234863,
    0.0027185756732380014,
    0.002771626501458326,
    0.002806481708505374,
    0.0029057276870481357,
    0.0027960835436874414,
    0.00273616478859682,
    0.0027676981187164523,
    0.0028514476521937795,
    0.002943930242649581,
    0.0026722803364179083
  ],