{
  "noise_type": "raw",
  "noise_param": 0.4,
  "train_loss": [
    0.1142282986713963,
    0.06859027143179597,
    0.025635244317774405,
    0.015467748313634502,
    0.012333494219315993,
    0.008327812333511812,
    0.007811397876765308,
    0.006440519860092463,
    0.005950581575792844,
    0.005188491284564265,
    0.004838512679836941,
    0.004302459582245508,
    0.004246198637660966,
    0.004106305401834356,
    0.00375050003166334,
    0.0037157023220950325,
    0.003539525465900413,
    0.0035309104799724944,
    0.003239199205331671,
    0.0029566379756813255,
    0.0030358116801612127,
    0.0027882377606186235,
    0.002728276176541339,
    0.0030293858503060906,
    0.002539262265779594,
    0.003056008918902163,
    0.002845350698296383,
    0.002562419549482569,
    0.0026721961803910536,
    0.0024340743469971615,
    0.002476736834574623,
    0.0024170545197859158,
    0.0024858437296655213,
    0.002266735065645371,
    0.002418576677305901,
    0.0022894493128585154,
    0.002310775730144874,
    0.0022359716902134842,
    0.0022989273721672385,
    0.0023239980622403278,
    0.002252238388232798,
    0.0024169636598321853,
    0.002133530634881417,
    0.002205929239770898,
    0.002232974148947192,
    0.0021744625685931594,
    0.0021818894978034007,
    0.0020974721368015804,
    0.0023246423784534466,
    0.0021156763173301014,
    0.002196904376595407,
    0.002061309313661422,
    0.0021537258395498875,
    0.002035891774683366,
    0.002224592261249699,
    0.001993756937189061,
    0.00210661900403762,
    0.0020084463085217933,
    0.0020691776887688494,
    0.002000282107894779,
    0.002103312834611184,
    0.0020274322957183235,
    0.002119346039226062,
    0.0019837338915031947,
    0.0019776123740003564,
    0.0019219285668406673,
    0.002013234496673343,
    0.0019604097906754927,
    0.00192548356472191,
    0.001964898433799122,
    0.001983169388564997,
    0.001906850259116189,
    0.00185905434306198,
    0.0019612499047137826,
    0.001963633149469142,
    0.0018721181258121704,
    0.0018960270188161522,
    0.0018544133320109457,
    0.0018684915891340732,
    0.0018740972308796085,
    0.0018452547213285502,
    0.0018356316218379853,
    0.0018667657857297224,
    0.0018570761043298146,
    0.001916774852501579,
    0.0017733179540074648,
    0.0018351497776247548,
    0.0018029511118350151,
    0.001891508276472561,
    0.0017606765309955321,
    0.0017624422326965687,
    0.001756533885680482,
    0.00173432387917797,
    0.0017056034496896822,
    0.0017828250436473093,
    0.0016993498700283397,
    0.0017121462626972703,
    0.001670558688391803,
    0.001662374479814144,
    0.0016305388408507215
  ],
  "valid_loss": [
    0.08484397814099894,
    0.035517083003074344,
    0.01773065795203462,
    0.010094580389589828,
    0.00865756301594879,
    0.006695412341030465,
    0.00559873740487531,
    0.005189019054317562,
    0.004559193958698355,
    0.00431704457293231,
    0.004071292870217309,
    0.004208151571305489,
    0.003892034107767661,
    0.003977290585477986,
    0.0036548234699472462,
    0.0046076096803598495,
    0.00320236870330801,
    0.003561627983363347,
    0.0029838033890823026,
    0.0031739972332563665,
    0.0030307765022578553,
    0.0028565036465309063,
    0.0027982272385757134,
    0.0026579944255853767,
    0.002541261689579939,
    0.002792331580883669,
    0.0035621086468768754,
    0.003406268474239065,
    0.003541203683330463,
    0.0028084920075006313,
    0.002521855572503192,
    0.002553789611334939,
    0.0025738359720210244,
    0.002595337678743158,
    0.002553054308083255,
    0.0025896135228461706,
    0.002540335955015725,
    0.003621037132286388,
    0.002574874347681829,
    0.0027065573213974916,
    0.0030433446556181083,
    0.00251339467069077,
    0.0030947092388847594,
    0.002659292637212959,
    0.002729982011953133,
    0.002496537309590701,
    0.0027809150761390292,
    0.002861717707294031,
    0.0026811994226284895,
    0.00270477209618175,
    0.0027043332774532207,
    0.0027558475219889894,
    0.002828753976835599,
    0.0025564973580487456,
    0.002629933193099675,
    0.0024661752140286903,
    0.0024287261759731765,
    0.0025256260910774737,
    0.0035119593637429483,
    0.002567054658751365,
    0.0023469909645082747,
    0.0025443821816412697,
    0.0023130170621266126,
    0.0023388678057196678,
    0.0024519001073644085,
    0.002538181914831608,
    0.002388947073448654,
    0.0023323961803908945,
    0.0024100564471960855,
    0.002317263834133488,
    0.0024032061018186097,
    0.002359491936469325,
    0.00238841963347451,
    0.002407141621214352,
    0.002448972847721156,
    0.002620240853964171,
    0.0028267575297322906,
    0.002292949115149692,
    0.002529976382574363,
    0.0026336214980933943,
    0.0024768679534513983,
    0.0023646880291075993,
    0.0025240662099136895,
    0.0026777895516247974,
    0.002600304592867185,
    0.00239696329037818,
    0.002352529405431864,
    0.002507778549677018,
    0.0023878790819999683,
    0.002353607519915023,
    0.0024555106327746414,
    0.002553247424082858,
    0.002340114968592901,
    0.002601825664290983,
    0.0023800025239723707,
    0.0023442231250679125,
    0.002471989003261723,
    0.002476916076015474,
    0.0025154958533078454,
    0.0026598475887852978
  ],
  "valid_psnr": [
    12.582206570800794,
    15.501179006605172,
    18.56842497638625,
    20.972315574158905,
    21.95236150907044,
    22.607891848011562,
    23.68493750788912,
    23.995809910292735,
    24.31129236594561,
    24.76082092231243,
    25.10975734278405,
    24.882419224972526,
    25.35575085905326,
    25.05147942878473,
    25.52504666995323,
    24.442836456819542,
    26.440997965798438,
    25.88159237393527,
    26.719147462123328,
    26.481429427409388,
    26.267817582320244,
    26.946346677693974,
    27.125540775327863,
    27.20726284732483,
    27.46319071889091,
    27.202112299575628,
    25.5845777394055,
    25.668099978038036,
    25.458978792062958,
    26.737269090181808,
    27.425150775962642,
    27.45365579312979,
    27.167554618864212,
    27.216223774971372,
    27.544689109890665,
    27.437697652289586,
    27.278409139974276,
    25.143082575756523,
    27.58768814339105,
    27.186296705370186,
    26.226684529537234,
    27.566770417323074,
    26.516363330140774,
    27.47758886695578,
    27.37419166302887,
    27.47666014099302,
    27.283843790260242,
    26.929008914228717,
    27.29104228215245,
    27.161424755361463,
    27.48934843017002,
    27.295039998316568,
    27.02271785304132,
    27.708800691583697,
    27.32531450619398,
    27.824215255767157,
    27.799019295011814,
    27.455523570655227,
    25.3389687091717,
    27.562766021045796,
    28.21035157797146,
    27.624733949160294,
    28.068476423932434,
    27.96583485898141,
    27.870762428633196,
    27.529740887550062,
    28.13801122032528,
    27.99587208081574,
    27.84184000121018,
    28.2260237021846,
    27.671912661496158,
    27.868835815989566,
    28.21301509549633,
    27.866064998941848,
    28.01985474342778,
    27.15366003083893,
    26.917097494954103,
    28.217617249329127,
    27.878216250056152,
    27.85473391050792,
    27.867663754497805,
    28.053743624538296,
    27.39249083081359,
    27.17536867407699,
    27.595947044158173,
    28.000718140162988,
    28.15817686215214,
    27.77165526985433,
    28.039472268181626,
    28.1493555892183,
    27.86573656558198,
    27.659791746282405,
    27.98115009529678,
    27.614361681358282,
    27.99038880048475,
    28.066527716509608,
    27.891170734320905,
    27.96484846478195,
    27.923924905501988,
    27.508228884482133
  ]
}