{
  "noise_type": "raw",
  "noise_param": 0.35,
  "train_loss": [
    0.0633990741661632,
    0.05766980475886422,
    0.058803838991862235,
    0.05690085816498793,
    0.057253217899691095,
    0.057338688204054016,
    0.05579615914040764,
    0.05580584167807296,
    0.05524793259958811,
    0.055355833531861756
  ],
  "valid_loss": [
    0.058000868774662644,
    0.05307964546971386,
    0.05280913868500527,
    0.06247130532058812,
    0.053530754370556315,
    0.055412460424385704,
    0.05626507058391037,
    0.051821052726807613,
    0.05175777854851925,
    0.05210348379752074
  ],
  "valid_psnr": [
    12.592526402833892,
    12.95024930262727,
    13.146652033485614,
    12.311760138337183,
    12.913975717746352,
    13.10084658339577,
    12.711698219803607,
    13.152526029876098,
    13.087567438473535,
    13.157311362768722
  ]
}