{
  "noise_type": "raw",
  "noise_param": 0.15,
  "train_loss": [
    0.16136916963085465,
    0.10617412859889938,
    0.1037176208423155,
    0.10277795301386379,
    0.09080126369919277,
    0.06633714319704237,
    0.05041297636047509,
    0.033633138583509956,
    0.023208026791312997,
    0.016665438700916066,
    0.014793923921454719,
    0.012742735909819836,
    0.012207408625789118,
    0.01175417105465579,
    0.011951912318129204,
    0.010043725190172024,
    0.009536934430382645,
    0.009760124632365828,
    0.0080049877404966,
    0.007621070654113509,
    0.008312859156970788,
    0.007465185239860982,
    0.006974910454220586,
    0.00703969835956392,
    0.009193360516186886,
    0.006623640092850295,
    0.007159193271025615,
    0.006555211803487798,
    0.0062824940859945765,
    0.006000850514402069,
    0.005809602137429619,
    0.005827062301168212,
    0.0053034896114610795,
    0.004940980649776486,
    0.004680801370061505,
    0.004438486035954085,
    0.004965138221792316,
    0.004029236711851319,
    0.004144480418911653,
    0.003922048205908377,
    0.0037564531890007654,
    0.0038010174611027995,
    0.0036568603853724463,
    0.003811790148067528,
    0.0032299831751575296,
    0.003163547941930262,
    0.0032683454362012116,
    0.003142034269495053,
    0.0033894654789908907,
    0.003213833327408202,
    0.002956038458137714,
    0.0027093936936577762,
    0.002940211880801634,
    0.002883256037455962,
    0.0027939239246790636,
    0.0026376363074073145,
    0.002451329153917226,
    0.002725470464988303,
    0.0024444940852129636,
    0.0026068017599034142,
    0.0024465866774306105,
    0.0023243833128506913,
    0.002264791751189114,
    0.002107359934302688,
    0.002126156415229302,
    0.0021083773540628726,
    0.0020465912842477047,
    0.0022839622291394037,
    0.001915792423410918,
    0.0019076268852405696,
    0.001872798478731961,
    0.0018702380335738785,
    0.0017330615980903625,
    0.001624024390770996,
    0.0019420043135114802,
    0.0017232118933782916,
    0.0015433130517343307,
    0.0017403588260998092,
    0.0015245890932000024,
    0.001438584557529742,
    0.0014943167491148783,
    0.0014390131079512348,
    0.0013859445619714057,
    0.0014659288414536464,
    0.0013422462042035415,
    0.001292075711381261,
    0.001380466753173286,
    0.0015634250213897986,
    0.0013568601172035857,
    0.0011697673202477866,
    0.0011698068926437758,
    0.0011917225400287503,
    0.0012553691501942738,
    0.0013866936793946176,
    0.001199351403371245,
    0.0011676351071715873,
    0.0011304233929974841,
    0.0011741083759704697,
    0.0011476586992860477,
    0.001295333858798167,
    0.0011846312739645765,
    0.0011298092251800294,
    0.001138730185082798,
    0.001157960146334108,
    0.001108523429405593,
    0.0010757815336877171,
    0.0010217204374110684,
    0.001112323966267478,
    0.0011187325275544004,
    0.0010129012521256833,
    0.0009791189306847122,
    0.0009544642854762131,
    0.0010804271058556557,
    0.0009563263275026724,
    0.0009342640219583068,
    0.0009814470664839417,
    0.0010612476903464336,
    0.0010246974939923004,
    0.000919732255637157,
    0.000858330329011915,
    0.0008823669826536738,
    0.0009594998213783094,
    0.0013512027904694613,
    0.000984860562582379,
    0.0008756990565313985,
    0.0008561655203477876,
    0.0008928321071456681,
    0.0008717930052033548,
    0.0009347671136403626,
    0.0009494870263713281,
    0.0009299055111601194,
    0.0008784693218545813,
    0.0009704862111773757
  ],
  "valid_loss": [
    0.11054899300810342,
    0.10517705130621273,
    0.10803300415099329,
    0.09920912516526662,
    0.08183714874299677,
    0.056335702147891076,
    0.046612241683263465,
    0.023737586650390913,
    0.01732114937850296,
    0.01483900722435448,
    0.013214361058685033,
    0.011772074164643815,
    0.011732044520052913,
    0.010593443764874654,
    0.014173435369190588,
    0.010716259071049034,
    0.01242090904336194,
    0.009780346600558269,
    0.007958754246846455,
    0.008255756234444715,
    0.00749457623015425,
    0.007670217454644164,
    0.006973430385742293,
    0.009914074347238254,
    0.007374825326446432,
    0.008708126034221319,
    0.007138888378359298,
    0.0060430180829698504,
    0.006934758083670232,
    0.006358145644679633,
    0.005666347830189924,
    0.005491486911023899,
    0.005464490789563556,
    0.006683738396777885,
    0.005916731794597597,
    0.005541823714069707,
    0.005740877942283909,
    0.005111480250858453,
    0.004570858604821405,
    0.004648785951767975,
    0.0054186309340136345,
    0.004442157143798453,
    0.004387393454898702,
    0.004124611433210043,
    0.003996830618019562,
    0.005169714736050446,
    0.0042406765722633796,
    0.004537734126547637,
    0.004904504969376984,
    0.004325678484603754,
    0.0038852917591689433,
    0.003979503862531817,
    0.004061785828867679,
    0.004649599562585119,
    0.004604791898922485,
    0.004131965625111181,
    0.004021538814027887,
    0.003928188448639336,
    0.004488479662876728,
    0.004510303519904767,
    0.0042575907685331,
    0.004121755406745053,
    0.004304446357506158,
    0.0042646862968320175,
    0.004007065275816505,
    0.004465451048991603,
    0.004879759314587811,
    0.003950624990877094,
    0.003924261624699209,
    0.004066207508471045,
    0.003972382871736958,
    0.003973789065063528,
    0.003896727593846335,
    0.003911769741305166,
    0.004402696449627256,
    0.0036745512569618726,
    0.0038253234809617087,
    0.004130956963110552,
    0.003837357789686228,
    0.0037121465878200395,
    0.0040772200165538845,
    0.003860372850275271,
    0.004201831015910593,
    0.00403552191018659,
    0.003901482047894763,
    0.004222619932629271,
    0.0038510702419803657,
    0.004357353543838566,
    0.0037057649999616992,
    0.0037307481796639403,
    0.0038779685539175857,
    0.003919763632748805,
    0.00415144573158196,
    0.0039160284862175595,
    0.0038299406051519103,
    0.0036822114024059175,
    0.003775206692332362,
    0.0036952596357375787,
    0.003809884843833844,
    0.004111666186738297,
    0.003717450281419088,
    0.004022408259384288,
    0.003884008916944155,
    0.003807705842502996,
    0.0038365325612183233,
    0.0036780681309044735,
    0.003730086022178463,
    0.003994800339952358,
    0.003671988997009456,
    0.0036884893219392215,
    0.0034931426591175998,
    0.003962081073747187,
    0.0037521837643125387,
    0.0034872073946998683,
    0.003542580666191851,
    0.0038203241167252835,
    0.0038874593313960723,
    0.0038172136362374354,
    0.0036646974189700303,
    0.0037071650654959183,
    0.00360035352822772,
    0.003939614369993853,
    0.0038194292682624475,
    0.003634355643939233,
    0.003619432266028744,
    0.0038211664555294874,
    0.0038072025641397076,
    0.003843988021446392,
    0.0037658028868764173,
    0.0035327812172814194,
    0.003751233933746789,
    0.003981340113253744,
    0.003864913573237291
  ],