{
  "noise_type": "raw",
  "noise_param": 0.4,
  "train_loss": [
    0.0021616824583119794,
    0.002112401084254409,
    0.002156453907227506,
    0.0022090736452384865,
    0.002078867854585926,
    0.0021534385314268974,
    0.0019513710595139273,
    0.002008398944524914,
    0.002035171578339137,
    0.001944761101337972,
    0.0018967451786390567,
    0.0019417696261951056,
    0.0019083871715319483,
    0.0019480918158191656,
    0.00175420598580928,
    0.001882593679630675,
    0.0017596588257423559,
    0.001802172144480873,
    0.0017503090616090354,
    0.001697877768621509,
    0.001695704673443501,
    0.0017971101077757354,
    0.0016123845557845047,
    0.0015958163851232598,
    0.0016640165054598855,
    0.0015848158191826159,
    0.0016265767375939037,
    0.0016434928571986557,
    0.0014839199456435305,
    0.0016499644064536267,
    0.001532023331680199,
    0.0015555463078232895,
    0.0014805757047818347,
    0.0014578639905825786,
    0.0014254351893859566,
    0.0014518794583270888,
    0.0014617607666185053,
    0.0013993181869725085,
    0.0014031906898129077,
    0.0014115125767086814,
    0.0013666388884424692,
    0.0014779442314500095,
    0.0013020544523344145,
    0.0013194578224715386,
    0.0016216965327748426,
    0.001284878068572336,
    0.001333066276186635,
    0.001365124950260663,
    0.001413479538889134,
    0.0013092622225337708,
    0.0012518583198686802,
    0.0013223079999325309,
    0.001238144105091931,
    0.0012111363849436764,
    0.00123733950203497,
    0.001221342841515759,
    0.0012617872284623568,
    0.001197075396588508,
    0.0012510843294559948,
    0.0012046637280710454,
    0.0012566025834416315,
    0.0011393628817374685,
    0.0011570073106132227,
    0.0011810240449575365,
    0.0012811374403625877,
    0.0011215494501217202,
    0.0012419343067159093,
    0.0010665928757197531,
    0.0011604262161907777,
    0.0011411374920747936,
    0.0011358048893839864,
    0.0011845136310638404,
    0.0010602415093410886,
    0.001146544429859651,
    0.0010937038193212256,
    0.0013463260790680938,
    0.0011543325713107239,
    0.0010805532182811277,
    0.0010928036737457207,
    0.0012238336728121974,
    0.0010825394682898357,
    0.0010749776554053608,
    0.0012121774185706276,
    0.001046842188581282,
    0.0010347567847696717,
    0.0010556580079842655,
    0.0010661202477839995,
    0.001051395501131615,
    0.0010946974372636868,
    0.0011317961287826178,
    0.0010015438215197588,
    0.0010772757030821263,
    0.0010260959602662607,
    0.0010315021556164623,
    0.0011169545429342714,
    0.0011138793751757081,
    0.0010228736303478498,
    0.0010168600355381775,
    0.0011266102191170289,
    0.0010201703340233016
  ],
  "valid_loss": [
    0.0036058738140143823,
    0.0034498509326485586,
    0.003831281641923851,
    0.0038628103249931465,
    0.0032739846971118094,
    0.003231902455150275,
    0.0037064437176110737,
    0.003298515765676721,
    0.003310744898546159,
    0.0032068794687782885,
    0.0034622745475245903,
    0.0036390216405466688,
    0.0032309037709926406,
    0.0036479088483750374,
    0.003171303411766515,
    0.003407672506078222,
    0.0031791816740749297,
    0.0031524303285442915,
    0.0033200831395955024,
    0.003299205878731952,
    0.0033964589293972226,
    0.003266023622898047,
    0.0033745726855166636,
    0.003529868525673512,
    0.00334224705880308,
    0.003352597865275862,
    0.0033735850790920932,
    0.0034287011557207624,
    0.0031731772479790922,
    0.003538554557999655,
    0.0033085932341756397,
    0.0032559261193390874,
    0.003252209446024382,
    0.0031573030297654537,
    0.003115058141664682,
    0.0034673834726159183,
    0.0033373620118939203,
    0.003112166074127064,
    0.0034699140158632596,
    0.0032835972094779208,
    0.003333059268515554,
    0.003218190210874092,
    0.0034707232464158935,
    0.0034566601694253508,
    0.0031563645462851,
    0.003276974696750421,
    0.0032419447171688435,
    0.004078491912844561,
    0.003144283203819584,
    0.003311542789326614,
    0.003295732385345963,
    0.0031401902556916898,
    0.003310690182788829,
    0.0033145184364491956,
    0.0034687144372852127,
    0.0032390097301187013,
    0.003268096465847357,
    0.0031070142189255057,
    0.003561811507047427,
    0.0034163946195344386,
    0.003081382333666555,
    0.003233219268998039,
    0.0032708184326379485,
    0.0031187561632013,
    0.0031482021908904546,
    0.0031959613224437195,
    0.003299178730451262,
    0.0032276457783954266,
    0.0032899169350500243,
    0.0032167338600354108,
    0.0033888932110504306,
    0.0032104185777837874,
    0.00322672530749585,
    0.003348927015872976,
    0.003173336818177445,
    0.0032731737098435376,
    0.0031522293159451284,
    0.00319002685602045,
    0.00353530827677668,
    0.0035071821566348953,
    0.0032084691486143247,
    0.0031431440963742906,
    0.002964081510093361,
    0.002981206967333653,
    0.0029988213031515187,
    0.003182360615508441,
    0.003169295495196212,
    0.0029953046050346316,
    0.0032011705125766523,
    0.0031885770660722078,
    0.00319150033538334,
    0.0031984936134462857,
    0.003042542192920023,
    0.00304989955680455,
    0.0035839166186485702,
    0.003334067321621803,
    0.0031838834644401215,
    0.003208328193520312,
    0.0032136165079761064,
    0.003109283885585265
  ],
  "valid_psnr": [
    25.62059336964736,
    25.734049445324157,
    25.338311736308757,
    25.322186109381658,
    25.884905674306058,
    25.923319529836274,
    25.397971246280445,
    25.81428710803037,
    25.975543141680696,
    25.955900642220538,
    25.568727319392433,
    25.360963380314573,
    25.96699303793328,
    25.596935820951696,
    25.949805358235267,
    25.553155829299737,
    25.942315663432183,
    26.080074923578277,
    25.919296841106153,
    25.822143322933517,
    25.699600460366206,
    25.90618071584003,
    25.683921303303848,
    25.603566067501387,
    25.80041628859995,
    25.753988644554376,
    25.67201656332855,
    25.548710308210353,
    25.860783398277867,
    25.51772598850388,
    25.88607521228743,
    25.86991564527685,
    25.92206637558322,
    26.02567716801585,
    25.982027265142335,
    25.714849027790883,
    25.713667929472553,
    26.024889387982753,
    25.668963219408703,
    25.820745974046133,
    25.58965208913016,
    25.917244200236034,
    25.559590593268467,
    25.636601372855207,
    25.937579939292235,
    25.859824284112147,
    25.851083819589352,
    25.20220274643428,
    25.98542151772084,
    25.675145320890827,
    25.93644826074348,
    25.938625324176904,
    25.949425076062372,
    25.745933635740244,
    25.55673627764445,
    25.946501660993782,
    25.849753865717275,
    25.96761338946578,
    25.587305305500994,
    25.712824223147575,
    26.111262210391747,
    25.92096854270583,
    25.995620472638777,
    25.966421027137585,
    25.87767516494333,
    25.971181418733895,
    25.920585187133717,
    25.757152015498047,
    25.755745331575994,
    25.862260756943343,
    25.853496326408976,
    25.995893784827405,
    25.83542794951737,
    25.833019291001463,
    26.11406260593935,
    25.862662522211796,
    26.012454683881053,
    25.977788387290904,
    25.59096340169122,
    25.49906716424255,
    26.034833415396058,
    26.042265330598664,
    26.351161853564466,
    26.225080242530915,
    26.312559723383416,
    26.024905676323765,
    25.934721227438924,
    26.247297264602867,
    25.951400425284078,
    25.972035979763046,
    25.896271387893986,
    26.129978138475142,
    26.323981242379087,
    26.115970843702538,
    25.640323286817825,
    25.87716359332689,
    25.90169198862234,
    25.99885117227812,
    25.988728086613904,
    26.135335525150218
  ]
}