{
  "noise_type": "lower",
  "noise_param": 0.4,
  "train_loss": [
    0.01720284978418631,
    0.0007716949196385511,
    0.0006271761425991003,
    0.0005372408268129076,
    0.0005812400179929794,
    0.000534169147417962,
    0.0005156657516697078,
    0.00048011328887489173,
    0.0004685539489483425,
    0.00045655989448661443,
    0.0004551197856166162,
    0.00046383338623380766,
    0.0004263354612649766,
    0.000411520833918444,
    0.0004144592804327079,
    0.00041739890795984487,
    0.0003909317187006471,
    0.0003812532740542799,
    0.00037250336016576217,
    0.00037030182248273417,
    0.00036741416729805284,
    0.00034724857954127503,
    0.0003584252812113018,
    0.0003300999407061121,
    0.0003438708535544993,
    0.00031979030014029144,
    0.00039744527143104427,
    0.0002971296473824149,
    0.00030368845249742916,
    0.000289966118091509,
    0.00029972569768589694,
    0.00028279971806657503,
    0.00028438730588735737,
    0.0002910035067053991,
    0.000272781639931661,
    0.0002765058618294685,
    0.00026145627076727733,
    0.0002618498751555129,
    0.00025396848853519887,
    0.0002594759837723879,
    0.0002455958519346915,
    0.0002499165318663696,
    0.00023913188640150375,
    0.00023679206774460254,
    0.00024129962954082658,
    0.00023602349985636637,
    0.00022072769965682148,
    0.00022724152612169858,
    0.00021750010504576592,
    0.00022797089362483196,
    0.00021511746685549404,
    0.00021145455070531154,
    0.00021021495738773137,
    0.00021531033053077787,
    0.00020425067925660347,
    0.0002138750789938044,
    0.00019427043183048014,
    0.00019596593812047766,
    0.00020147820927426445,
    0.00019704872541860313,
    0.00019606077500578924,
    0.00019343265841653814,
    0.0001838674634471281,
    0.00015800953389303414,
    0.00014798776354008525,
    0.00014382597668920468,
    0.00014304738508005732,
    0.00014157199999464848,
    0.00013960436954891037,
    0.0001361250471462243,
    0.00013468689178094094,
    0.00013348234226123138,
    0.0001334292368156331,
    0.0001307931536980776,
    0.00012893634050656938,
    0.00012864979419817516,
    0.0001279446602873056,
    0.00012550047027262535,
    0.0001256346320127434,
    0.00012415215039083473,
    0.00012452763599572427,
    0.00012158302743924881,
    0.00012129281262998876,
    0.00012232338588605822,
    0.0001211701735054539,
    0.00012026609516551194,
    0.00011976779218127665,
    0.00011846848573079583,
    0.00011660157730549669,
    0.00010604050260604823,
    0.00010100846405128803,
    9.957600371081645e-05,
    9.910372213777043e-05,
    9.83623979842383e-05,
    9.788864560580617e-05,
    9.720257835427058e-05,
    9.654443594467439e-05,
    9.575800043421615e-05,
    9.545734357463964e-05,
    9.509676106136893e-05
  ],
  "valid_loss": [
    0.0009409194318131171,
    0.0006351027390744801,
    0.0005574609301059136,
    0.0005149313679036498,
    0.000488323476280181,
    0.0005241050815817732,
    0.0005076862358163394,
    0.0005343967927988394,
    0.00044279105828045457,
    0.0004667640341327592,
    0.0010195911295936093,
    0.00041886386710360534,
    0.00042950575913585845,
    0.0004253503198756562,
    0.00041612319767620636,
    0.00040901107965921627,
    0.00045962881431074444,
    0.0004208075649528061,
    0.0004330117992364665,
    0.0004017386646042038,
    0.00040309155469499296,
    0.0004091751372484422,
    0.0004453448692141874,
    0.00042549638578661916,
    0.0004228203816178629,
    0.0004221548202547307,
    0.0004468491400110748,
    0.0004021206899601298,
    0.00041611219756045975,
    0.00039784053172196556,
    0.00039834694348836426,
    0.00040254220435885496,
    0.00040582452008512785,
    0.0003988585132530861,
    0.00040338365207917207,
    0.00041517401955837866,
    0.00039739208532389226,
    0.00041058293895406076,
    0.00041580114275036886,
    0.00041860535763916373,
    0.00046501697829694064,
    0.000631604120553763,
    0.0004052355877618707,
    0.0004157250051477579,
    0.00040734867825469105,
    0.0004124763084938686,
    0.00042170098163078,
    0.0004402334931236177,
    0.00042049604714634154,
    0.00041021118918474605,
    0.00041809317815606745,
    0.00043118000149793137,
    0.00043102029984389597,
    0.00045104861100142964,
    0.00041772074029366156,
    0.0004263723161349021,
    0.00041409932192170367,
    0.00041259713988945495,
    0.00042759905233791273,
    0.0004260268317596349,
    0.0004226978147046191,
    0.00041773429919127387,
    0.0004249766119448378,
    0.00041561887548875395,
    0.0004223811180968319,
    0.00041155317498802087,
    0.00041689770959110284,
    0.0004167481190473789,
    0.0004208946815396188,
    0.00042960098979367224,
    0.0004298682145175132,
    0.0004238136445248625,
    0.00042874313799142903,
    0.0004313549170746978,
    0.0004272419756977109,
    0.00042966531432555324,
    0.00043755123567367805,
    0.00043350242870914647,
    0.00045124985245225633,
    0.00044515723112274557,
    0.0004340842941896316,
    0.00043538447671129666,
    0.0004447886497978328,
    0.00043154243625442054,
    0.000437520887283562,
    0.00045151972902975117,
    0.0004366750496467892,
    0.00044089599923279613,
    0.00043111086434086604,
    0.00043427238939793667,
    0.00043958155112008086,
    0.00044030250071168533,
    0.000442019587637536,
    0.00044457550782030437,
    0.00044633026000589,
    0.0004476546350645187,
    0.00044715611967850353,
    0.0004455570803788607,
    0.0004532765777706867,
    0.0004501384496759896
  ],
  "valid_psnr": [
    30.89968594070664,
    32.78718668908677,
    33.41774288623786,
    33.792198021200115,
    34.018818898457056,
    33.50837504538647,
    33.65434671150933,
    33.2851933511665,
    34.347472651249305,
    33.98397576123677,
    30.075296907806717,
    34.56756328272789,
    34.41500339899984,
    34.482126027588535,
    34.55759950791519,
    34.634318268681696,
    33.98781210305576,
    34.49564758073846,
    34.30646128829298,
    34.75497888213197,
    34.73452239320688,
    34.61411167533501,
    34.17938293092177,
    34.40509448947551,
    34.406991609174966,
    34.45892422699282,
    34.173646161088435,
    34.75833571735198,
    34.61088866018339,
    34.84172594949409,
    34.80319727542007,
    34.744765754215905,
    34.72385893575102,
    34.81288450104069,
    34.757771466015086,
    34.590231675375705,
    34.805785101979865,
    34.66240673466102,
    34.57563577443759,
    34.52256710460561,
    33.923867116340475,
    32.312700847191834,
    34.732157096888386,
    34.62163691703185,
    34.719948199956335,
    34.655495394241456,
    34.53024106058992,
    34.22665609189802,
    34.57805457468222,
    34.67823794116812,
    34.57717084881615,
    34.42769528589473,
    34.40967485056389,
    34.10094890814497,
    34.602486311985224,
    34.454133482151825,
    34.592620547018974,
    34.631503878846154,
    34.46713273396381,
    34.466178292725395,
    34.50819791259339,
    34.582551332199195,
    34.46309423024472,
    34.597301604880414,
    34.490244575586225,
    34.63962108294189,
    34.571415595220046,
    34.5819511354277,
    34.52644166234736,
    34.433580545978266,
    34.41957030731515,
    34.49848839043633,
    34.44033523887354,
    34.42038136910403,
    34.44990712968466,
    34.42961795715811,
    34.333202298668056,
    34.38099838411879,
    34.144494531849624,
    34.22549035365885,
    34.37579441142959,
    34.36272579961571,
    34.24416965213763,
    34.41484673907437,
    34.340636101448915,
    34.13144357450969,
    34.34832307781575,
    34.31119657545607,
    34.40966806629603,
    34.37267691151343,
    34.313098435254666,
    34.303943607231396,
    34.29368713177884,
    34.26203188378402,
    34.24936145108649,
    34.22953260831701,
    34.241239942363926,
    34.259143190457074,
    34.17205025526859,
    34.206320567844905
  ]
}