{
  "noise_type": "raw",
  "noise_param": 0.7,
  "train_loss": [
    0.0,
    0.0,
    0.0,
    0.0,
    0.0,
    0.0,
    0.0,
    0.0,
    0.0,
    0.0,
    0.0,
    0.0,
    0.0,
    0.0,
    0.0,
    0.0,
    0.0,
    0.0,
    0.0,
    0.0,
    0.0,
    0.0,
    0.0,
    0.0,
    0.0,
    0.0,
    0.0,
    0.0,
    0.0,
    0.0,
    0.0,
    0.0,
    0.0,
    0.0,
    0.0
  ],
  "valid_loss": [
    0.021177989122784565,
    0.014291388233403797,
    0.01332949303444747,
    0.013236550007251553,
    0.010667913718776765,
    0.008249589887810807,
    0.010149759709448212,
    0.00819422060835127,
    0.00631114587499037,
    0.0065287961724055325,
    0.009345110716256485,
    0.007628406712854309,
    0.006365962856008659,
    0.005767359321313376,
    0.006239096451392676,
    0.006506818384188107,
    0.0053187105718946704,
    0.005252390926654258,
    0.004893930189523786,
    0.00422705078292771,
    0.004811907597729589,
    0.0037711068147312245,
    0.004839739926841529,
    0.004020438084812001,
    0.004477983440534099,
    0.003752709456585254,
    0.004246348625106474,
    0.0034478189503182335,
    0.0038073288514335053,
    0.005690611804037612,
    0.004947876321484559,
    0.0038378592412464017,
    0.004375202734188146,
    0.005033825938562079,
    0.004311792943803887
  ],
  "valid_psnr": [
    18.047746595137596,
    19.58845912718364,
    20.15970547819754,
    20.470379365542268,
    20.91648599157111,
    22.347386605874178,
    21.678902594037307,
    22.30610806495881,
    23.574687032442608,
    23.480721547058295,
    22.302786126319926,
    23.06254043599056,
    24.14092916241057,
    24.091562766578708,
    23.796880944908388,
    23.787944832671677,
    25.56139339008179,
    24.449972434172327,
    24.898770847706164,
    26.10960544643184,
    24.881178292721085,
    26.55062112938788,
    25.859117191452125,
    26.005746717311332,
    25.691652152098644,
    26.80708530714296,
    25.91505680836948,
    26.98866401543709,
    26.829545466783557,
    25.289118368317684,
    25.895270959584373,
    26.29972026708155,
    26.528655953730723,
    25.27655400499531,
    26.422353436155365
  ]
}