{
  "noise_type": "raw",
  "noise_param": 0.4,
  "train_loss": [
    0.3913361532544811,
    0.015620972829023878,
    0.009482022426910769,
    0.007412228680395431,
    0.0051309750635466075,
    0.004328818196091636,
    0.00393653474437526,
    0.0035413468402168947,
    0.003129949134936323,
    0.002944452372548635,
    0.0026761272983799067,
    0.0024664849159036066,
    0.00209753920356423,
    0.001969332284221242,
    0.0016886716710807752,
    0.0015559490258082575,
    0.0016888296215282087,
    0.0012663116326894965,
    0.0012244912591693633,
    0.001523516925387878,
    0.0009964122879592655,
    0.0011165103374150929,
    0.001029973644259299,
    0.0010234818775109625,
    0.0009078889493002517,
    0.0008466244993746716,
    0.0010124107648240915,
    0.0007273127958680935,
    0.000821305855992733,
    0.0006747296052048494,
    0.0007207629432862177,
    0.0006865859008613794,
    0.0008315706581875324,
    0.0006198806891994851,
    0.0005191300036304275,
    0.0006675060476368359,
    0.0004842985718963951,
    0.0005191293747614388,
    0.0005209162203502115,
    0.00041555236948560067,
    0.00043528952931502925,
    0.0004296705968483306,
    0.0006678888985537816,
    0.00044017184203882056,
    0.00034125644759538926,
    0.0006667201567325644,
    0.0003614635951486641,
    0.0003199047286854878,
    0.00032464240759737814,
    0.00036900099389739654,
    0.00038490614053656266,
    0.00034113905720474486,
    0.00030696565291094105,
    0.0003594105047890079,
    0.00028620470722054924,
    0.0003311743362314844,
    0.0003652805652496369,
    0.000297065623936102,
    0.00026549363950930575,
    0.000280128356664025,
    0.00029624199062958247,
    0.0002881507932908861,
    0.0003342939134903903,
    0.00032842239937838587,
    0.00027155474348471175,
    0.0002284504942154171,
    0.0002241601121878501,
    0.00032800921926284414,
    0.0002594717020327254,
    0.0002396361973206945,
    0.00022702933896632832,
    0.00022447655918581336,
    0.00023395967229650203,
    0.00023876964683523558,
    0.00027283812398307746,
    0.00020637460097070175,
    0.00023479608345926772,
    0.00018752454778611777,
    0.00022334129372044058,
    0.000228712681756563,
    0.00018417003397432828,
    0.0001756789392743685,
    0.00019253067280044787,
    0.00022943859803900812,
    0.00019254032474528806,
    0.00019694759652236598,
    0.0001835951282658053,
    0.00017924965079211134,
    0.0002732134454211429,
    0.00017523931663489178,
    0.00016105167230204005,
    0.00018071949436918172,
    0.00017552946185102537,
    0.00017841499993532777,
    0.00016593988906655693,
    0.00031610399341665886,
    0.00018767487898168993,
    0.00013880868995280445,
    0.00015792207455206733,
    0.0002290064508638765
  ],
  "valid_loss": [
    0.018171775858754305,
    0.015405057387853366,
    0.006907482507900985,
    0.007193666187335465,
    0.003767817606756465,
    0.005347146883673041,
    0.004099664729582161,
    0.0040595375661338215,
    0.0029658618106641133,
    0.0030183667999603815,
    0.0022892046855178456,
    0.0033165176150892865,
    0.0021798488768744566,
    0.002394680221618431,
    0.001955854138345399,
    0.001666664407433173,
    0.00185049400708025,
    0.0013647785758873713,
    0.001855747780822175,
    0.0014631132370688657,
    0.0011605523441004467,
    0.0013893823316457395,
    0.001164776436432724,
    0.0015595488738906224,
    0.0014419038265965612,
    0.0010566984863092327,
    0.0012892268453603784,
    0.0011934601123614037,
    0.001454745075895102,
    0.0012607117846496982,
    0.0011006400622173098,
    0.0010397469973120394,
    0.0014188612555313567,
    0.0013275330110058088,
    0.001403360611124487,
    0.0014796698646723026,
    0.0013335168851890957,
    0.0009633965295826287,
    0.0010827110923781627,
    0.0009868949998519862,
    0.001058850948573551,
    0.001099623840274665,
    0.0011606482560026098,
    0.0009665008508842596,
    0.0023891294336508893,
    0.0010345557539167508,
    0.0010691142571587252,
    0.0011096254210072659,
    0.0010110683520947097,
    0.0009905741095517606,
    0.0011556588798855827,
    0.0009639096344114639,
    0.001486077407804781,
    0.0009612484187896829,
    0.0009840346040851506,
    0.0012357865913667858,
    0.0010961379434099318,
    0.0011010699794769447,
    0.0009494842464806057,
    0.0013174652013243557,
    0.0009978529295057222,
    0.0012704111356231695,
    0.0009201733113678623,
    0.0010274658242338613,
    0.0010322658904588972,
    0.0009462532007827773,
    0.0009662878739074229,
    0.001286868321117737,
    0.000925727237111615,
    0.001033653254291819,
    0.0009406383470333477,
    0.0009264935098503087,
    0.0009610573847534113,
    0.0009805144179073544,
    0.0010435977116683925,
    0.0009454791905959462,
    0.0009238589175989797,
    0.0010060617889601977,
    0.0009925038581602753,
    0.001105254304683293,
    0.0009103185908607657,
    0.000999734429106785,
    0.0009659268630194752,
    0.0009329862576890562,
    0.0009505298324148112,
    0.0009813984149547152,
    0.0009563545925467975,
    0.0009473808856243733,
    0.0010757755462623103,
    0.000990883053556382,
    0.0010072800511528673,
    0.0009451988152249537,
    0.0010157220585540847,
    0.0009134798926758981,
    0.0009283536038598613,
    0.0009260016454796995,
    0.0009031787235831616,
    0.0009279634062934926,
    0.0009858773773911188,
    0.0009610485369716657
  ],
  "valid_psnr": [
    17.68902764378744,
    18.340268532222957,
    22.10917787726091,
    22.271502234071864,
    24.79281610219587,
    23.08241609005829,
    24.3336997977686,
    24.64376724543878,
    26.018465210675068,
    25.900486970334068,
    27.732493985275212,
    25.76094215196887,
    27.582086953851377,
    26.930703109218,
    28.310760386421375,
    29.012632932461983,
    28.318125872204504,
    29.75486990981908,
    28.310037290569365,
    28.997757205042095,
    30.789616945937887,
    29.77713019436174,
    31.018425533309838,
    29.40144151171876,
    29.913926248406607,
    31.029995670251846,
    30.530122855408568,
    30.549510873083676,
    30.022545689335516,
    30.32083077524161,
    31.236359882302747,
    31.492031150708826,
    29.485545940471116,
    30.131458587155397,
    30.3220681563064,
    29.67273518225873,
    30.668459853564382,
    31.536654228441165,
    30.97251481177973,
    31.68678067164485,
    31.4361573197747,
    31.3228006015632,
    30.67417135001306,
    32.034697118328836,
    28.468368173477256,
    31.461881342692976,
    31.33453265148868,
    31.276293407947634,
    31.69693647859801,
    31.72035046789322,
    30.91834576356393,
    31.9432644205408,
    29.343757982551548,
    31.93640558885803,
    31.954169543680656,
    30.2553935441844,
    31.314603592412727,
    31.089200391502704,
    31.982606912744313,
    30.035223681474005,
    31.798733058718934,
    30.270925378753745,
    32.10870751355251,
    31.84957274734127,
    31.546500360171017,
    32.24740153350062,
    31.843143822253698,
    30.703758776026742,
    32.11602844599671,
    31.43045135582805,
    32.0057978460197,
    32.32708626942831,
    31.881729622470935,
    31.86501726127554,
    31.737071936659373,
    32.218345396587395,
    32.118338346477515,
    31.89464828765965,
    31.91104735373775,
    31.609167657035695,
    32.36864660153778,
    31.979528661666453,
    32.24864487593928,
    32.26136484141331,
    32.24984006566129,
    31.910069783668767,
    32.1109206006228,
    32.19671779483743,
    31.76802434546995,
    32.04246262849078,
    31.900739112098154,
    32.199957980889295,
    31.80358094057286,
    32.37183364609748,
    32.177195713816275,
    32.204626382615714,
    32.41398238678758,
    32.33539852020026,
    32.156113775467354,
    31.956762424127145
  ]
}