{
  "noise_type": "raw",
  "noise_param": 0.4,
  "train_loss": [
    0.017283193310117944,
    0.0032783390562746775,
    0.0031858750142290657,
    0.0030547555161423673,
    0.002982302911695157,
    0.002841226510996074,
    0.002548071661277161,
    0.0026627635260295496,
    0.002660486222803733,
    0.002675002685510547,
    0.002352602214442247,
    0.0026676727102720676,
    0.0023045082066400725,
    0.0022219400637239896,
    0.00219331157403879,
    0.002295288862473639,
    0.002074551973742012,
    0.0021851528835137497,
    0.0018500036082221955,
    0.0018263044157192092,
    0.0018854088454311711,
    0.0017664469867752447,
    0.001501132394885504,
    0.0015439476467355782,
    0.001545020653102601,
    0.001361831808002941,
    0.0014606983718817392,
    0.0013210153097959305,
    0.0012258549919915845,
    0.001058908364745182,
    0.0011557706725398148,
    0.001142030719285974,
    0.0009478134210309265,
    0.0008751428898957987,
    0.0009177433054903556,
    0.0007842845159580675,
    0.0007390063972732801,
    0.0007832158862692014,
    0.0006957833811625233,
    0.0005814214572085586,
    0.000516408257589517,
    0.0005971602969967439,
    0.0006166061257576727,
    0.0005043189312508363,
    0.0005488849437998714,
    0.0005340372366430272,
    0.0004788982011513999,
    0.00048385805591475074,
    0.00040684278214068336,
    0.00035519798900247786,
    0.00043669714051795876,
    0.0003461678059667519,
    0.0003367351575548524,
    0.00037966143595193975,
    0.00048091389204376386,
    0.00041315115822827483,
    0.0003173316856411063,
    0.000297217564727291,
    0.00036140151862803127,
    0.00031539143698324564,
    0.0003306987522210411,
    0.00037454064222746015,
    0.0003184727233539778,
    0.00026339746480664517,
    0.00026789798493433956,
    0.0002953813175604522,
    0.0003592080303977247,
    0.0002576585872749396,
    0.0002904569716813825,
    0.0003117181295865401,
    0.0002567757018787799,
    0.00025357511858223997,
    0.00028723401092392754,
    0.00029401460606794024,
    0.00023358812022758043,
    0.0002085160171924797,
    0.0006019509719568434,
    0.0002451816633347038,
    0.00018868136303173502,
    0.00018596898696786513,
    0.00022221014965741065,
    0.00016161903233221582,
    0.00010606762445714802,
    9.00212557699406e-05,
    9.729439607101346e-05,
    9.8815829988358e-05,
    0.00010098040832664402,
    9.844299785687469e-05,
    8.157236409430025e-05,
    8.778147914334501e-05,
    9.235365172461345e-05,
    7.393357405790035e-05,
    8.603879868557088e-05,
    8.201582150477918e-05,
    7.368761337913957e-05,
    8.776372268700817e-05,
    7.110676540597636e-05,
    7.479934787357259e-05,
    7.286378298911451e-05,
    7.39806443727741e-05
  ],
  "valid_loss": [
    0.0037496573644747225,
    0.0037516348506728926,
    0.0034165019645878386,
    0.004380052995890549,
    0.00345494095082246,
    0.003702413010780547,
    0.003219731469360145,
    0.0037326209541177252,
    0.004499975471986662,
    0.0031601947076047624,
    0.0029027726238335123,
    0.004503017716595313,
    0.0029809567388652453,
    0.0030290780389661195,
    0.0026640034390361823,
    0.0029651329240789636,
    0.003275420400900323,
    0.0032144086743516845,
    0.0026381175845949915,
    0.002567041002665182,
    0.0024577132813640643,
    0.002542667844590621,
    0.0023363669142436477,
    0.0024419695411246212,
    0.0025436470092116505,
    0.0025759050313989107,
    0.002469319525343063,
    0.002353775660535655,
    0.0033363788045257066,
    0.0028895654710042384,
    0.0025427696771745546,
    0.002401149219090839,
    0.0024916708567450947,
    0.0025457596371475737,
    0.0023674604397014706,
    0.0026517514141130016,
    0.00254045793666398,
    0.0022854783232966534,
    0.0026657600430774887,
    0.0024088060406027563,
    0.002362427324459047,
    0.0023628370454517995,
    0.0022484222377484094,
    0.0023272050231671853,
    0.003152380257564881,
    0.0025224755629690647,
    0.0024003322272245524,
    0.002355579699963636,
    0.002369711892250243,
    0.0023423515994548823,
    0.002372863037690121,
    0.002186558001481436,
    0.0033359593975005905,
    0.002203215057634405,
    0.002133774208854686,
    0.0023336650369511253,
    0.002288470490240123,
    0.002833501365782674,
    0.0024054174525064928,
    0.002480565111231888,
    0.0023660541793223823,
    0.002410910919864382,
    0.0025202749755376865,
    0.0023958752883386845,
    0.002388677472908448,
    0.0035900277454854906,
    0.002518472138996326,
    0.00243568494897337,
    0.0026620769854829446,
    0.002334740995538728,
    0.0024852997666250853,
    0.0021592877877070434,
    0.0023554885141863703,
    0.0023310259754892653,
    0.002333653068579198,
    0.0024989332198610353,
    0.0025894258067491165,
    0.002362019071083997,
    0.002380125063458133,
    0.002410160617251652,
    0.0022364374522919,
    0.002183824054720604,
    0.0021687908241143933,
    0.002161256390964439,
    0.0021198603462747848,
    0.002291158015677326,
    0.002365198369376846,
    0.0022897995753777814,
    0.002131339837496873,
    0.0022452038281915404,
    0.002215856875601983,
    0.0022983160753093034,
    0.002357712149664161,
    0.002236373009798365,
    0.0022501332831751223,
    0.0021890470972470333,
    0.002252037283559794,
    0.0022358868544695753,
    0.002234890561728613,
    0.0022997751361430096
  ],
  "valid_psnr": [
    26.295347193030846,
    26.48315458847647,
    27.145622257402987,
    25.278620670834826,
    27.176457638370646,
    26.750792628249208,
    27.542499512253308,
    26.687280492877974,
    25.287375041338247,
    27.87755400587876,
    28.66543717408799,
    25.2167760830438,
    28.2053435259805,
    28.254145159946592,
    29.249504010474983,
    28.099799731880818,
    26.725097601526418,
    26.993644338194297,
    29.231616349604174,
    29.186241057353858,
    29.926615241668348,
    29.854739102958558,
    30.50530824878768,
    30.21739817527049,
    29.733745911028567,
    29.368361876447505,
    30.196796789416233,
    30.716132200907012,
    26.784810691952586,
    30.282177847461217,
    30.582644160940728,
    30.681999940136514,
    30.609515004793128,
    30.825065360339895,
    30.51558404834065,
    29.77693578980695,
    30.123226630443366,
    30.967211635837703,
    29.568323595248774,
    30.76503837832353,
    30.721870347218776,
    31.023394152409647,
    31.114144903271857,
    30.880553934136024,
    29.570348230527852,
    30.406181613985677,
    30.768107034971464,
    30.6984470619396,
    31.360179790875627,
    30.94369921221629,
    31.408754983901144,
    31.155588062069334,
    31.061531727194527,
    31.45249774628243,
    31.314977728748044,
    31.035118835602965,
    31.5387320158542,
    29.023998501644208,
    31.423407560492215,
    30.621388704263573,
    31.21689702584994,
    30.663535351835996,
    31.464160616422784,
    31.561358901321114,
    31.426828801861475,
    30.915924875080922,
    30.514720863520076,
    31.339156334170234,
    30.9229040303181,
    30.872770268497927,
    30.83169840107615,
    31.73372470075827,
    31.37486216137613,
    31.382527780943285,
    31.620762389324543,
    31.331185468234526,
    30.372817243006985,
    31.635329717688133,
    31.299860469941162,
    31.08640962190109,
    31.57076497828553,
    31.98583601090822,
    32.00792070809608,
    32.05719344160403,
    32.07447399294689,
    31.857705869939387,
    32.037372465061814,
    32.1142133953286,
    32.09891175446385,
    31.48327177439671,
    32.15308026656109,
    32.02772222132355,
    31.682114125051157,
    32.2004292179303,
    31.994239867791254,
    32.15975711521574,
    32.11534829309697,
    32.16533554292729,
    31.976473799515578,
    31.877964442887308
  ]
}