{
  "noise_type": "raw",
  "noise_param": 0.4,
  "train_loss": [
    0.02694852798780691,
    0.003423880899615356,
    0.0033740043317564915,
    0.0033325099549949815,
    0.003166928183355367,
    0.003075137545912954,
    0.003037444074140962,
    0.002888484515626164,
    0.002825461679681329,
    0.002938331049335454,
    0.0026938516330925087,
    0.002499325116517474,
    0.00244202087985954,
    0.0025431563586790994,
    0.002370142856150682,
    0.0025553453428633064,
    0.0031080763734969135,
    0.0025323388107188717,
    0.002381172317461502,
    0.0022174983747191056,
    0.002205098399543122,
    0.002669078844909229,
    0.0022677343405883804,
    0.002133497645267522,
    0.002051491726569798,
    0.002314623043822669,
    0.002021714435248816,
    0.0020959978292622735,
    0.0020122173953415717,
    0.001960626923435368,
    0.0019405170698892841,
    0.0019712715339037165,
    0.0021073905831193547,
    0.0018101076445293195,
    0.001845555412671945,
    0.009769921067026928,
    0.002323441440923041,
    0.0021599421338584688,
    0.0020221902592897864,
    0.0020761522121910325,
    0.001740780858375999,
    0.0017413404433577584,
    0.0016854119878939237,
    0.0016522239082882285,
    0.001363116732175354,
    0.0016449982748168892,
    0.0013184644216175285,
    0.0012182771963295607,
    0.0011402931701285947,
    0.0012968552575040385,
    0.0013541678110062989,
    0.0011403952431785136,
    0.0009219828545379582,
    0.0008952267326418387,
    0.0007977916845598087,
    0.0009016555764785225,
    0.0007802887035940029,
    0.003633207313775664,
    0.00143407287348466,
    0.0008557120009356601,
    0.0006980215414685186,
    0.0005677332632169745,
    0.0005478040715503681,
    0.0005380415880075623,
    0.0006046580260134824,
    0.0003741967794014678,
    0.0002924022408950161,
    0.0003244682600300509,
    0.000306283986507312,
    0.0002782202495736268,
    0.00024809547901519143,
    0.000278239615956023,
    0.0002880943285719377,
    0.00020948397230773408,
    0.0001923046477134024,
    0.00020838787566351453,
    0.0001851496036614063,
    0.00017480396139488383,
    0.00021171542495262521,
    0.0001858221989627347,
    0.00017132673274493243,
    0.00017665893134541087,
    0.00017097499875232477,
    0.00017188523363511745,
    0.00018146872514174182,
    0.00018124010493330534,
    0.00017165096540510606,
    0.00017040782958476213,
    0.00014699595491788565,
    0.00013471596623272985,
    0.00015322017548671698,
    0.00012426584360310594,
    0.00015495233817479224,
    0.0001489260225629725,
    0.0001418541516187771,
    0.00012562688582124355,
    0.0001397124630328263,
    0.00013763834206449716,
    0.00012040405367869842,
    0.00011621303190704997
  ],
  "valid_loss": [
    0.0036168202561454306,
    0.004308928709272263,
    0.0024594662107445624,
    0.0028235840700607195,
    0.003162511343939306,
    0.0024453237425191305,
    0.003712720221508371,
    0.002416904473360614,
    0.002299588733483518,
    0.002330261649390239,
    0.0021111947449306196,
    0.0022847711821462014,
    0.0023774745386065913,
    0.0024143367542171297,
    0.0021064985996738866,
    0.0021805611514374612,
    0.0022529501763388538,
    0.002325152248995951,
    0.002146557386103449,
    0.0021145113342544907,
    0.004052125511087997,
    0.0032866770665317246,
    0.0020083895321841155,
    0.0020346014822831167,
    0.0021474145222870173,
    0.002089675251556567,
    0.0021638403336403673,
    0.002028384218427121,
    0.0021763780100313946,
    0.0018997322350271296,
    0.002514504060417934,
    0.0021579228983073595,
    0.0023121739389167987,
    0.002013127709421859,
    0.002693978190841636,
    0.002326101714457062,
    0.0025233594730084807,
    0.002775363874194842,
    0.0018884076094856847,
    0.0021849946213402726,
    0.0021751726914561323,
    0.0022094965310949645,
    0.0023257316511496678,
    0.0027611943032615394,
    0.00315667421409317,
    0.0027358693841551293,
    0.0020874975878548414,
    0.0020410939900237486,
    0.002318331026399984,
    0.0022408295781818077,
    0.002549443132714278,
    0.0026602652099347477,
    0.0025927263545296873,
    0.0021977270053715136,
    0.002291811449205729,
    0.0021284786206120987,
    0.002494288420515576,
    0.0022279150016748747,
    0.001954687913514439,
    0.0020117000997427726,
    0.0020996800845959618,
    0.0021845285318856157,
    0.0022181298917785725,
    0.0029714721843958412,
    0.002117366977108015,
    0.002076450857244227,
    0.0022850212356380533,
    0.0021020278977356838,
    0.002011161842212424,
    0.0021877102536858447,
    0.0021430635241810854,
    0.001954960991483701,
    0.0020133691965214416,
    0.001923687669785255,
    0.0021611317172795094,
    0.002005235035454958,
    0.0019846856877322222,
    0.0018392827953446886,
    0.002364879722561437,
    0.001957137129575954,
    0.0019593296375312935,
    0.002159027502621099,
    0.0020135343683562678,
    0.001961756222561508,
    0.0021712878347691835,
    0.0022854877966460036,
    0.0019320134881564283,
    0.0020560547379713827,
    0.001954233633836779,
    0.002024968595330455,
    0.002053075937655159,
    0.0019311664831083662,
    0.002246711248497791,
    0.0020695987824938906,
    0.0020040139010286512,
    0.001996912127471048,
    0.0019882420819524933,
    0.002058575718145407,
    0.0021348109049545956,
    0.002029700181808926
  ],
  "valid_psnr": [
    25.346607671096255,
    24.47142786722895,
    27.70692429471959,
    26.732993947145822,
    26.13630866651724,
    27.834089233036636,
    25.285567406678137,
    28.091846486096376,
    28.35049128630622,
    28.341838089917207,
    28.845318593461627,
    28.303643305933665,
    28.10712014987862,
    28.017763697664403,
    28.681848445979785,
    28.5709285244008,
    28.530586359236224,
    27.973225369146174,
    28.644051594134282,
    28.806500908646445,
    26.398142150589287,
    28.798840306760212,
    29.11040188850493,
    28.937522571266502,
    28.863908811425528,
    28.87795074600103,
    28.915010321047326,
    29.426202066355977,
    28.464640350098946,
    29.57853064753021,
    28.9712202857295,
    28.77706458165439,
    28.288758768206282,
    29.830718283877015,
    28.92171762026945,
    28.379880181495377,
    27.484620010375593,
    27.190816134519146,
    29.511786742804397,
    28.728660013756304,
    29.453361013438176,
    29.700335586410073,
    29.011100621348344,
    28.283720646075675,
    26.714624278276208,
    27.07487962888564,
    30.275410530769133,
    29.881692276140814,
    30.0440275224875,
    29.678366598541096,
    28.50234015942182,
    29.292325741630528,
    29.879153967095966,
    30.66668529650386,
    29.765399421370365,
    30.86402973066083,
    29.42709164308822,
    28.962104891721307,
    30.467525614435782,
    30.701364329932403,
    30.590639563999343,
    30.391555014951354,
    30.272825778092024,
    28.318389149814703,
    30.59514252470082,
    31.207898474691408,
    30.45937229289757,
    31.27306127996852,
    31.33426550378607,
    30.63205682991206,
    30.879310232909777,
    31.04079001947199,
    31.452026515941384,
    31.55511499049229,
    31.07894072026087,
    30.8596133034977,
    31.50232230076165,
    31.733035892201695,
    30.885527159960457,
    31.37351704270101,
    31.536984079318593,
    31.105550090632036,
    31.241016131223372,
    31.44626197969194,
    31.182377524901884,
    31.042340447753066,
    31.491110701921723,
    31.307695588630093,
    31.685152383336035,
    31.55513993295449,
    31.596804601806728,
    31.73308023227212,
    31.095999728937606,
    31.731420855594695,
    31.901003160977464,
    31.843023746475005,
    31.656165210146362,
    31.812506451617068,
    31.821473927973976,
    31.935551950384085
  ]
}