{
  "noise_type": "lower",
  "noise_param": 0.4,
  "train_loss": [
    0.01455146962958965,
    0.006345128910721365,
    0.005918779157202991,
    0.006090263397907908,
    0.005584292773153522,
    0.005560905182880013,
    0.005378964683406633,
    0.005309898571274939,
    0.005262275247479974,
    0.005064815415235575,
    0.005020142928178193,
    0.004955253040446697,
    0.004957669778397709,
    0.004816666812359173,
    0.004779798315597299,
    0.0048209000784830884,
    0.004744654950349562,
    0.004709886706647431,
    0.00468027635775678,
    0.004744315809062951,
    0.004805936672804122,
    0.004672592979168177,
    0.004620357163902402,
    0.004569257395512139,
    0.004597695889158389,
    0.004581221003738489,
    0.0044892793231396865,
    0.004703066694928246,
    0.004746092929421721,
    0.004438649039672396,
    0.004433808957930887,
    0.00445247693445401,
    0.004360022036112343,
    0.004396851933564583,
    0.004360043362933258,
    0.004393639972582063,
    0.004352588122337698,
    0.004359200169499485,
    0.004342874884516606,
    0.004324301528352258,
    0.00430424306264636,
    0.00427711086579012,
    0.004309916115492337,
    0.0043057253443635176,
    0.004310133025736965,
    0.0042962691897518454,
    0.004246349893134027,
    0.004238809777756729,
    0.004284109487213308,
    0.004271759997745074,
    0.004248850976741351,
    0.00427826774720122,
    0.004277691001466069,
    0.004202324485981161,
    0.0042623720135391945,
    0.004177834235766823,
    0.0042336769123242305,
    0.004211709988578363,
    0.004192803527216613,
    0.004182062581612004,
    0.004199665607045889,
    0.004182114218552875,
    0.004164608185862942,
    0.00420814175828335,
    0.004145869596090563,
    0.004198062642195655,
    0.004169821548588317,
    0.0042000698480117405,
    0.004201836086948958,
    0.004130736142084311,
    0.004032024247957577,
    0.004029586026329552,
    0.003994317936082157,
    0.004015483789578321,
    0.004016863338923081,
    0.0040190201939475445,
    0.004039347296461831,
    0.004000523034998257,
    0.004002307721810579,
    0.003995752154490084,
    0.004009040491733892,
    0.0039849078867768084,
    0.004030350378042778,
    0.0039554922309565895,
    0.0039812083131102165,
    0.00394973709282813,
    0.00395740814032796,
    0.003940399893771079,
    0.003978118663250158,
    0.003944280495982128,
    0.003941829008992812,
    0.003971447938898254,
    0.0039582641192248535,
    0.003981984029237566,
    0.003978766613133367,
    0.0039423190952601475,
    0.003860343751191789,
    0.0038666203163748593,
    0.003855674736541923,
    0.003865807827802668
  ],
  "valid_loss": [
    0.008586302753319168,
    0.008408626318671373,
    0.006181928931595508,
    0.00791417533711821,
    0.01680162521465768,
    0.006294255706914075,
    0.012692756175048297,
    0.007039753750560323,
    0.006848278292664523,
    0.006662220191025067,
    0.013658072502371497,
    0.010438792598439672,
    0.00803115375751392,
    0.012043904961209084,
    0.010028524175319816,
    0.007689750770985312,
    0.011689806591215246,
    0.014536903939491136,
    0.011330259701486805,
    0.015291371973043056,
    0.01215005830188477,
    0.009195247506022186,
    0.014995513990444792,
    0.012403024023720313,
    0.010275862222673997,
    0.013273383038519042,
    0.01054742702032756,
    0.009107878318055018,
    0.007283991280216657,
    0.0065694993682214415,
    0.006977369133736264,
    0.006159985957598294,
    0.0049454787449733865,
    0.007577477824754708,
    0.0067559616085332164,
    0.00465997068166518,
    0.007244449018198196,
    0.004657563627401705,
    0.0053860084233406744,
    0.008515389737785857,
    0.007157681898640521,
    0.005122371573893499,
    0.0030922512729824464,
    0.002804231702840302,
    0.008734416221339506,
    0.005591078841803596,
    0.006695517177967383,
    0.00646686382666173,
    0.007548121063663325,
    0.00788152182109438,
    0.0036359203765474204,
    0.010416563028468445,
    0.006039631264227006,
    0.005668958924205503,
    0.006885800574153926,
    0.004689590794932378,
    0.005965322531925154,
    0.0068438974539962415,
    0.00854954549196374,
    0.00915089840593353,
    0.006325689507743657,
    0.006760620790450913,
    0.0060492452270569505,
    0.0054545338317387145,
    0.009331641584009247,
    0.0040811990155537195,
    0.005469166820210918,
    0.004404026954953224,
    0.003553587089255088,
    0.006348605408101041,
    0.005662867194317548,
    0.007434523144843764,
    0.005423654598540702,
    0.005381830286388199,
    0.006436199854730734,
    0.005274801453761789,
    0.00702364682609967,
    0.0075040507239250475,
    0.0060213338964534005,
    0.008053288047675126,
    0.00859063640665726,
    0.0064753318556653805,
    0.005606640238376693,
    0.005390642072877228,
    0.005255038036799385,
    0.004580001519694588,
    0.008100803548789632,
    0.004246980122015798,
    0.006376393638608035,
    0.005394253313182892,
    0.003897612283047628,
    0.004921937138820198,
    0.004900311726542269,
    0.006672088567186823,
    0.005135648823485623,
    0.008183865762708587,
    0.005665548287780446,
    0.007208849701410683,
    0.005613223863003894,
    0.007136264181823044
  ],
  "valid_psnr": [
    20.80843917727884,
    20.986592971559165,
    22.351074948255196,
    21.20199166089919,
    17.887674872744903,
    22.235662481825774,
    19.156294558791878,
    21.745294675539274,
    21.845952251991733,
    22.028296712359765,
    18.829379521474777,
    20.049283833555794,
    21.12359361674394,
    19.395883716540364,
    20.185482697172834,
    21.317403675557166,
    19.536007857164858,
    18.562163293367465,
    19.69776830801313,
    18.37123555591345,
    19.3512479413424,
    20.623684102240517,
    18.476040482493193,
    19.32459057446942,
    20.14137109688834,
    19.025421085836225,
    19.995529440771406,
    20.582783870779004,
    21.61868241748946,
    21.982400969610556,
    21.71481915797361,
    22.260997438878785,
    23.191561219144674,
    21.346742810996137,
    21.83513235360989,
    23.536817460063695,
    21.56269953061043,
    23.461541734315563,
    22.824845527555247,
    20.835929851842785,
    21.60679179922904,
    23.054458636475072,
    25.307124016284288,
    25.788212317217987,
    20.801244745931267,
    22.70760183532754,
    21.87998914703481,
    22.09658845611078,
    21.362980285977166,
    21.200524985969317,
    24.5179708574907,
    20.009022399790055,
    22.38430872556243,
    22.628238736034294,
    21.78196016321291,
    23.43541173489605,
    22.404355214081146,
    21.812823009929193,
    20.920380105725503,
    20.554591110521528,
    22.174242339970586,
    21.98282899799632,
    22.348275701946104,
    22.825968887658114,
    20.591674212006783,
    24.07189808946372,
    22.87878041482141,
    23.770705048172676,
    24.689603125017154,
    22.140784636931294,
    22.637093445172432,
    21.494067375262873,
    22.82936709741388,
    22.898361037221388,
    22.091531509920213,
    22.943112362406772,
    21.708186082409053,
    21.413706000630395,
    22.382318234999367,
    21.099313967652822,
    20.8702438255468,
    22.07583510369343,
    22.687496135779885,
    22.873769093780616,
    22.984536660581174,
    23.57383822952975,
    21.08110490294185,
    23.91096618460451,
    22.13895543653378,
    22.876182757776416,
    24.25476972050013,
    23.25034905848936,
    23.2656048121997,
    21.93715642849615,
    23.071782642347255,
    21.047615956516605,
    22.643117745115944,
    21.596536829468626,
    22.682173388353217,
    21.645196624268237
  ]
}