{
  "noise_type": "raw",
  "noise_param": 0.4,
  "train_loss": [
    0.034490460744146856,
    0.03363043146599287,
    0.0332033220177102,
    0.033029214434528636,
    0.033846275450779825,
    0.03308694172020122,
    0.03262399395846354,
    0.03237527420299856,
    0.03242411960106391,
    0.03217804321951399,
    0.03163250719959285,
    0.03145277713444124,
    0.03102078149507367,
    0.03141780262675329,
    0.03256825256501192,
    0.03035809026666553,
    0.030149762868789932,
    0.030062190604299068,
    0.02977079088641975,
    0.03035787336565338,
    0.029691736449837407,
    0.02931227777496359,
    0.02887344496306983,
    0.028744467860368394,
    0.028672273361984288,
    0.028510881355867927,
    0.028361519355748883,
    0.027617475359348782,
    0.029005845585124555,
    0.02752120181405934,
    0.027284622106049736,
    0.027152565293225014,
    0.02753671309279188,
    0.027104296995670983,
    0.027225803229423712,
    0.027369712754468135,
    0.026366759074820133,
    0.026274889080342045,
    0.026486808290118187,
    0.025957681454906532,
    0.026313071712255713,
    0.026182032274710974,
    0.026132162757758724,
    0.025954533793443226,
    0.026005151158485167,
    0.025725304230590832,
    0.02544536326274379,
    0.025498607469360394,
    0.025645998556809692,
    0.02568798880558883,
    0.025336695738239153,
    0.02543230113557015,
    0.02493712324617286,
    0.025031667149595527,
    0.024858960847434563,
    0.024703098349912096,
    0.024992612441329037,
    0.025204785170882333,
    0.024885968344714373,
    0.024671803077325992,
    0.02426025304179308,
    0.024799876709506532,
    0.024338483153711572,
    0.024190286627132677,
    0.024443801322110086,
    0.022130922667259603,
    0.021430544137101288,
    0.021266570902146332,
    0.02096532141965705,
    0.020977451428433134,
    0.02080030998776396,
    0.020684050800290416,
    0.020643899910691186,
    0.02068651110557558,
    0.020502975008852158,
    0.02050820494799644,
    0.020343337770551837,
    0.020330250800343567,
    0.020193069301126396,
    0.020097755144223427,
    0.020220060508505656,
    0.019979804400728354,
    0.020154477041441958,
    0.02011404947185271,
    0.01991077297463513,
    0.020023235897630255,
    0.02001244414053162,
    0.01989130647562077,
    0.01991536559683038,
    0.01993920950854149,
    0.019708940082678438,
    0.01986527955483155,
    0.01992527207137851,
    0.01966424886585955,
    0.01961390154639705,
    0.01964053316574989,
    0.01962651195063752,
    0.019719388299571133,
    0.019629719767922004,
    0.019440026130845608
  ],
  "valid_loss": [
    0.03983255040288799,
    0.04126007704307488,
    0.0402430626695742,
    0.04198805726977017,
    0.04043590317900525,
    0.0410368283672277,
    0.042193015526117573,
    0.04134348155391011,
    0.04019750921001487,
    0.04120521711337458,
    0.040123728040459584,
    0.04068331852417454,
    0.040540956158985474,
    0.0423759605117303,
    0.04052178106172858,
    0.043392279915625546,
    0.04116252942262063,
    0.04143257680703947,
    0.04106076543003661,
    0.040361685619053726,
    0.041331165050567005,
    0.042012629756487195,
    0.04059648147598256,
    0.04037888743681808,
    0.03979125170404884,
    0.040728298044748264,
    0.040269200319497475,
    0.04062377373570237,
    0.04196393520100677,
    0.04135243840053578,
    0.041172191922982576,
    0.0401630102865492,
    0.043167721150795695,
    0.04075543516853844,
    0.042626133834102284,
    0.04260304925334559,
    0.04098337826636632,
    0.04298091208766705,
    0.03940615480451103,
    0.040442885336714376,
    0.04015508700886023,
    0.04115092190541221,
    0.04002898786187051,
    0.0414205187396406,
    0.040447295573523265,
    0.04133456619584552,
    0.042590646388921446,
    0.04112691954566494,
    0.041799911466451366,
    0.04046702106760773,
    0.041289141565973915,
    0.04073891437324508,
    0.04139470354012428,
    0.04112203440522684,
    0.04052808047399388,
    0.04149544413200495,
    0.04230674753045152,
    0.040810984648458545,
    0.04024894980732394,
    0.041516301794622436,
    0.040523963164850345,
    0.041416907297985785,
    0.04082837645017392,
    0.04039554771213732,
    0.040593675792505814,
    0.03959464576774485,
    0.04052215321085417,
    0.039290642557153095,
    0.039203003712827915,
    0.04005378568712797,
    0.040423019699236944,
    0.039624928771951146,
    0.038940400527469325,
    0.040715218452870496,
    0.04010230475109155,
    0.039557481363669295,
    0.04059741722267052,
    0.03947750564367373,
    0.03920090592944717,
    0.039651911968304344,
    0.038836726572497524,
    0.04017424536896082,
    0.03951714930101577,
    0.03911314353309516,
    0.04046414490983634,
    0.03980827001451667,
    0.03913376767512674,
    0.039939026975502404,
    0.03926682016924183,
    0.03944525062401558,
    0.039762824666916614,
    0.04001920116830475,
    0.039936964309630694,
    0.04007135276725056,
    0.039759821714075334,
    0.040059005818990565,
    0.039294352938993166,
    0.03940437637620045,
    0.039809331599120625,
    0.039241859942906986
  ],
  "valid_psnr": [
    25.92761023504185,
    25.707184133961754,
    25.93821034524522,
    25.456265466397205,
    25.69763283717919,
    25.77534642015898,
    25.53827795208496,
    25.620498705131364,
    25.825570171942175,
    25.607316203537938,
    25.79693279782075,
    25.752914286948748,
    25.718276641797896,
    25.558832298720258,
    25.667155408346307,
    25.1890220964172,
    25.77452653887816,
    25.68622446987105,
    25.68767813560122,
    25.721730768209923,
    25.587352721558982,
    25.343069707373253,
    25.725699429687378,
    25.811053227047644,
    25.916369059579566,
    25.709441019281872,
    25.80362952423903,
    25.736461765991496,
    25.470823133522664,
    25.654664872752093,
    25.672474814063047,
    25.856139797369508,
    25.5008495777143,
    25.85800134301399,
    25.303738184199172,
    25.32189551938818,
    25.75212993308259,
    25.40627691993276,
    26.079599726587592,
    25.90382759354313,
    25.92537065241495,
    25.712433563090084,
    25.956784620967042,
    25.58948810092267,
    25.755954993499056,
    25.653145631883252,
    25.32202169694907,
    25.658118503172243,
    25.66008740227649,
    25.849851160278366,
    25.76844884839786,
    25.788643019486493,
    25.69230610748214,
    25.644814606257334,
    25.847852976321118,
    25.643870572869353,
    25.590224367997646,
    25.7244279650908,
    25.917822561260554,
    25.61584377509607,
    25.854753756708405,
    25.695668413875744,
    25.858126837724754,
    25.89933193369537,
    25.82344649327871,
    26.115810187527064,
    25.93495046914511,
    26.17513969556703,
    26.174899669923203,
    26.07008407917304,
    25.978906258901606,
    26.113813853331308,
    26.22105407588028,
    25.89333283750112,
    25.966694059408375,
    26.15821835883941,
    25.97737775056914,
    26.172283935903234,
    26.17830023134497,
    26.117133594938448,
    26.28616125932927,
    26.076612865319127,
    26.12773276261373,
    26.234745979733066,
    25.97012794703972,
    26.073417899225426,
    26.274568282419587,
    26.03839172926593,
    26.17764350516179,
    26.150774077499456,
    26.084096321484342,
    25.99906565851819,
    26.017736055193925,
    26.044661028372673,
    26.07478007002231,
    26.06017286954224,
    26.183870387269177,
    26.17444274220798,
    26.028483314575173,
    26.184501297192334
  ]
}