{
  "noise_type": "gradient",
  "noise_param": 0.4,
  "train_loss": [
    0.006940713067015629,
    0.0015843752827874886,
    0.0012081645342717406,
    0.0010771054345097243,
    0.0009794535122334116,
    0.0009352202875375568,
    0.0009183223506173396,
    0.000923277432428751,
    0.0008722940393185188,
    0.0008636106518596678,
    0.0008442527657690783,
    0.0008384255298496401,
    0.0008465649543574476,
    0.0008204339441922303,
    0.0008162079211335664,
    0.0008107705469240787,
    0.0008081328332539535,
    0.0007989718536774511,
    0.0008013600520241613,
    0.0007887187277347441,
    0.0007896407319243451,
    0.0007871693711064365,
    0.0007943694059651939,
    0.0007771807519397116,
    0.0007800180211733483,
    0.0007908651615006844,
    0.0007684811992027925,
    0.0007695506783585395,
    0.0007692163842417229,
    0.0007668054030794989,
    0.0007627293749565771,
    0.0007622053499168043,
    0.0007672005975537226,
    0.0007591642056156008,
    0.0007643250758980409,
    0.0007536076241512232,
    0.0007492750611993762,
    0.000758967444265483,
    0.0007513208533539443,
    0.0007447893152216338,
    0.0007510641689542956,
    0.0007453695642358889,
    0.0007417689140258952,
    0.0007421069745371351,
    0.0007402144294893496,
    0.0007378866393057642,
    0.0007371743842590764,
    0.0007380506784986717,
    0.0007379631263267556,
    0.0007346388105543753,
    0.0007329976135636718,
    0.0007316189426378793,
    0.0007365027330471516,
    0.0007288609132617432,
    0.0007247340484749992,
    0.0007294695399214158,
    0.0007299413775042406,
    0.0007249393841757718,
    0.0007250795842083386,
    0.0007208469420837658,
    0.0007326724828584588,
    0.0007277152668555662,
    0.0007283121858040108,
    0.0007178955982655515,
    0.0007221016435529832,
    0.0006951316922431752,
    0.0006919762897297343,
    0.000691749203174919,
    0.0006905388074968937,
    0.0006883264373200272,
    0.0006872947741464694,
    0.0006856778683213073,
    0.0006860977101733712,
    0.00068465195519336,
    0.0006833427992663617,
    0.0006842235970721311,
    0.0006827656554382748,
    0.0006831501993631923,
    0.0006832891486785823,
    0.0006837228582902392,
    0.0006824505200339561,
    0.0006807325881725099,
    0.0006806559256568035,
    0.0006795833888790941,
    0.0006802245319000522,
    0.0006783117229364884,
    0.0006773093761888192,
    0.0006799545687796608,
    0.0006765546050396214,
    0.0006781229422037861,
    0.0006787416801745696,
    0.0006647131527118313,
    0.0006636533704685541,
    0.0006638164960362971,
    0.0006612841553334055,
    0.0006618890939469528,
    0.0006618187212295285,
    0.0006617073361903431,
    0.0006603913884899028,
    0.0006607209148469605
  ],
  "valid_loss": [
    0.000763694631592031,
    0.0003296285441865605,
    0.00021418901993734932,
    0.0002426035789197809,
    0.0002496659456777724,
    0.00031475022111709624,
    0.0001205462857350032,
    0.0001313281825077612,
    9.095145856447038e-05,
    8.852761908853559e-05,
    0.00023768746118245119,
    0.00019018035295904518,
    0.00020665892260137282,
    0.00024339414119659407,
    0.00011248052106978715,
    8.548555610267991e-05,
    0.00012244074659548376,
    0.00010585962206859579,
    0.000106181758269801,
    0.00013803865037847308,
    0.0001100406136417863,
    0.00011399217931464995,
    8.694857564307074e-05,
    9.541743142551341e-05,
    0.00015417422150594117,
    0.00013065754157236338,
    9.895983722646218e-05,
    0.00017017750013287273,
    9.832416047267836e-05,
    9.054879088703379e-05,
    0.00015063147461081238,
    0.00013763140593520804,
    9.298930759371255e-05,
    9.247567738552084e-05,
    8.663870696153674e-05,
    9.67422154890612e-05,
    9.329322780275514e-05,
    0.0001923021029405028,
    7.799605909677907e-05,
    9.54094173294509e-05,
    0.00010547069607609029,
    8.789710491110235e-05,
    0.00010055991585956246,
    0.0001497929683863172,
    0.00017124391815933276,
    0.00010766620270811011,
    0.00013045853961051032,
    0.00028319629081330447,
    9.696800038965032e-05,
    8.355086756009313e-05,
    8.011769116773086e-05,
    0.00012220937750388584,
    0.0001228548292350807,
    0.00011638567134874482,
    0.00020081894058355865,
    0.00012035483883340877,
    0.00015025581981003249,
    0.00011323951889770817,
    0.00012075479572814787,
    0.0001661880741236323,
    0.00010570309406453172,
    8.740013323230377e-05,
    9.103425495687856e-05,
    0.00010732538423386694,
    8.14112066732592e-05,
    8.704244166097245e-05,
    9.195805547001374e-05,
    0.000103566331123624,
    0.0001092637171090005,
    9.122483449166667e-05,
    9.456692108167205e-05,
    0.00012486952938820433,
    0.00013414864306792804,
    0.00010071239644350981,
    0.00010282285452303492,
    9.13240739555788e-05,
    0.00010678750441051059,
    0.00010747739704950886,
    9.668604948928775e-05,
    0.0001043747829170074,
    0.00011855273901156502,
    0.00014066624741302416,
    8.81651427980173e-05,
    9.878204535164494e-05,
    9.335098649283076e-05,
    0.0001227282224948257,
    9.398391474882938e-05,
    0.00010024300843656267,
    0.00010493296503852707,
    0.00010842387723927497,
    0.00010980251750349454,
    0.00011424423683116992,
    0.000118189235465352,
    0.00012139021785161693,
    0.00010976163647092933,
    0.00011672995857858023,
    0.0001218287975645575,
    0.00012140174352201021,
    0.00012105418941811323,
    0.00011886519355612474
  ],
  "valid_psnr": [
    31.246922623583114,
    34.91832416602602,
    36.89193207253684,
    36.40367731098104,
    36.226554658224714,
    35.15523366051842,
    39.61728045821203,
    39.24439058771886,
    41.065738243174415,
    41.18463519558127,
    36.43470399812057,
    37.462515609903974,
    37.107505242001515,
    36.383451720575614,
    40.06833196457558,
    41.438568268356,
    39.572406243918735,
    40.36104087173643,
    40.30196895802748,
    38.993392439263815,
    40.144778716314896,
    39.9860316065342,
    41.39596431715818,
    40.97967179050644,
    38.75236276147191,
    39.27311805795513,
    40.71269005792927,
    38.070997754567294,
    40.779513320855244,
    41.142570263222254,
    38.487424675712255,
    39.15834833735327,
    41.02536644884609,
    41.003366947016396,
    41.3820775841909,
    40.927054225367804,
    41.0102149950721,
    37.35629817156287,
    42.01010147348533,
    41.06372778072483,
    40.41597301891543,
    41.35928172727286,
    40.68505236167538,
    38.600284574730644,
    38.12816893559409,
    40.25558733448784,
    39.368030363009055,
    35.616115380111296,
    40.92277082010694,
    42.06227916646373,
    42.12934508679255,
    39.74636866685585,
    39.57576351231403,
    39.97334316598183,
    37.22026723997118,
    39.84547735563468,
    38.70894115726344,
    40.08844532337612,
    39.95961414478712,
    38.14663346961868,
    40.65965436499016,
    41.56578026286191,
    41.40485786744103,
    40.381586467328546,
    42.02461520100189,
    41.718071070778635,
    41.284624996147144,
    40.60728069527063,
    40.330590067000124,
    41.493610489546406,
    41.23413309733065,
    39.638906085089275,
    39.274262462531446,
    40.87673223726153,
    40.61465138192205,
    41.41877716457551,
    40.47772166519667,
    40.4656482466712,
    41.06379010503833,
    40.598267737655334,
    39.902304394034566,
    39.05621661370555,
    41.68224992763913,
    40.9136268021064,
    41.303261168320645,
    39.84170600776225,
    41.09399494148459,
    40.68993992005183,
    40.71920944431864,
    40.39278767588403,
    40.26582387738502,
    40.10616422580029,
    39.998891470395954,
    39.77656416290198,
    40.355855459629005,
    40.07248919198741,
    39.76749689435738,
    39.89636981072434,
    39.75460977633277,
    39.87132999144274
  ]
}